deep_id	greg	stc	author_name	title12	11a	22607	Skelton, John	Magnificence
17	15a	13305	Heywood, John	The Play of the Weather
18	15b	13305.5	Heywood, John	The Play of the Weather
19	15c	13306	Heywood, John	The Play of the Weather
20	15d	13307	Heywood, John	The Play of the Weather
21	16a	13303	Heywood, John	A Play of Love
27	21a	13300	Heywood, John	The Four P's
28	21b	13301	Heywood, John	The Four P's
31	22a	1305	Bale, John	The Chief Promises of God unto Man (God's Promises)
32	22b	1306	Bale, John	The Chief Promises of God unto Man (God's Promises)
33	23a	1279	Bale, John	The Temptation of Our Lord and Savior Christ by Satan
34	24a	1287	Bale, John	The Three Laws of Nature, Moses, and Christ, Corrupted by the Sodomites, Pharisees, and Papists
35	24b	1288	Bale, John	The Three Laws of Nature, Moses, and Christ, Corrupted by the Sodomites, Pharisees, and Papists
40	28a	22227	Heywood, Jasper	Troas
40	28a	22227	Seneca	Troas
41	28b	22227a	Heywood, Jasper	Troas
41	28b	22227a	Seneca	Troas
42	28c	22228	Heywood, Jasper	Troas
42	28c	22228	Seneca	Troas
43	29a	22226	Heywood, Jasper	Thyestes
43	29a	22226	Seneca	Thyestes
51	34a	22223	Heywood, Jasper	Hercules Furens
51	34a	22223	Seneca	Hercules Furens
55	36a*	22225	Seneca	Oedipus
55	36a*	22225	Neville, Alexander	Oedipus
56	36a†	22225	Seneca	Oedipus
56	36a†	22225	Neville, Alexander	Oedipus
59	39a	18684	Norton, Thomas	Ferrex and Porrex (Gorboduc)
59	39a	18684	Sackville, Thomas	Ferrex and Porrex (Gorboduc)
61	39c	17029 (pt. 2)	Norton, Thomas	Ferrex and Porrex (Gorboduc)
61	39c	17029 (pt. 2)	Sackville, Thomas	Ferrex and Porrex (Gorboduc)
67	42a	22222	Seneca	Agamemnon
67	42a	22222	Studley, John	Agamemnon
69	44a	22224	Seneca	Medea
69	44a	22224	Studley, John	Medea
70	45a	22229	N., T.	Octavia
72	47a*	24932	Wager, Lewis	The Life and Repentance of Mary Magdalene
73	47a†	24932a	Wager, Lewis	The Life and Repentance of Mary Magdalene
74	48a	19917	Pickering, John	The Interlude of Vice (Orestes)
76	50a	11473	Fulwel, Ulpian	Like Will to Like
77	50b	11473.5	Fulwel, Ulpian	Like Will to Like
78	50c	11474	Fulwel, Ulpian	Like Will to Like
81	52a	19865	Phillip, John	Patient and Meek Grissel
82	53a	24935	Wager, W.	The Longer Thou Livest the More Fool Thou Art
83	54a	14085	Ingelend, Thomas	The Disobedient Child
85	56a	20287	Preston, Thomas	Cambises
87	56b	20288	Preston, Thomas	Cambises
88	57a	24933	Wager, W.	Enough Is as Good as a Feast
89	58a	7514	Edwards, Richard	Damon and Pithias
90	58b	7515	Edwards, Richard	Damon and Pithias
92	63a	18419	Cheeke, Henry	Free-Will
92	63a	18419	B., F. N.	Free-Will
93	64a	18550	N., H.	An Interlude of Minds
94	65a	1059	B., R.	Appius and Virginia
594	312a	17904	Middleton, Thomas	The Entertainment on Michaelmas Day 1613 (The Running Stream Entertainment) (The New River Entertainment)
5013		5233	Churchyard, Thomas	The First Part of Churchyard's Chips
5020		11340	Fraunce, Abraham	The Countess of Pembroke's Ivychurch
95	67a	23263	S., Mr	Gammer Gurton's Needle
96	68a(i)	11643a	Gascoigne, George	The Glass of Government
97	68a(ii)	11643	Gascoigne, George	The Glass of Government
98	68a(iii)	11643	Gascoigne, George	The Glass of Government
101	70a	25018	Wapull, George	The Tide Tarrieth No Man
102	71a	2047	G., A.	Abraham's Sacrifice
102	71a	2047	Beza, Theodore	Abraham's Sacrifice
103	72a	16949	Lupton, T.	All for Money
106	76a	5226	Churchyard, Thomas	The Entertainment in Suffolk and Norfolk
107	76.5a	11632.5	Garter, Thomas	The Most Virtuous and Godly Susanna
108	77a	11990	Goldwel, Henry	The Entertainment of the French Ambassadors (The Fortress of Perfect Beauty)
109	78ai	25966	Woodes, Nathaniel	The Conflict of Conscience
110	78aii	25966.5	Woodes, Nathaniel	The Conflict of Conscience
119	85a	25784	W., R.	The Three Ladies of London
120	85b	25785	W., R.	The Three Ladies of London
126	91a	23895	Terence	Andria
126	91a	23895	Kyffin, Maurice	Andria
128	93a	25783	W., R.	The Three Lords and Three Ladies of London
131	96a	18423	Nelson, Thomas	The Pageant for John Allot
5102		17471	Marston, John	The Works
134	100a	19532	Peele, George	Descensus Astraeae
138	104a*	25764	W., R.	Tancred and Gismund (Gismond of Salerne)
139	104a†	25764a	W., R.	Tancred and Gismund (Gismond of Salerne)
5172.02	593a	n/a	Shirley, James	1 Saint Patrick for Ireland
5172.01	592a	n/a	Shirley, James	The Constant Maid (Love Will Find Out the Way)
146	108b	11623	Pembroke, Countess of	Antonius (Antony)
170	116aii	11622a	Kyd, Thomas	Cornelia (Pompey the Great His Fair Cornelia's Tragedy)
170	116aii	11622a	Garnier, Robert	Cornelia (Pompey the Great His Fair Cornelia's Tragedy)
174	118a	16679	Lodge, Thomas	A Looking Glass for London and England
174	118a	16679	Greene, Robert	A Looking Glass for London and England
175	118b	16680	Lodge, Thomas	A Looking Glass for London and England
175	118b	16680	Greene, Robert	A Looking Glass for London and England
176	118c	16681	Lodge, Thomas	A Looking Glass for London and England
176	118c	16681	Greene, Robert	A Looking Glass for London and England
178	118e	16682	Lodge, Thomas	A Looking Glass for London and England
178	118e	16682	Greene, Robert	A Looking Glass for London and England
184	120e	22327	Shakespeare, William	The Taming of the Shrew
185	121a	12267	Greene, Robert	Friar Bacon and Friar Bongay
186	121b	12268	Greene, Robert	Friar Bacon and Friar Bongay
187	121c	G1828	Greene, Robert	Friar Bacon and Friar Bongay
188	122a	16678	Lodge, Thomas	The Wounds of Civil War, or Marius and Scilla
191	124a	25781	Wilson, Robert	The Cobbler's Prophecy
196	128a	17441	Marlowe, Christopher	Dido, Queen of Carthage
196	128a	17441	Nashe, Thomas	Dido, Queen of Carthage
197	129a	17437	Marlowe, Christopher	Edward the Second
198	129b	17438	Marlowe, Christopher	Edward the Second
199	129c*	17439	Marlowe, Christopher	Edward the Second
200	129c†	17439.5	Marlowe, Christopher	Edward the Second
201	129d*	17440	Marlowe, Christopher	Edward the Second
202	129d†	17440a	Marlowe, Christopher	Edward the Second
204	130aii	12310b	G., T.	1 Selimus
206	132d	in 6261	Daniel, Samuel	Cleopatra
207	133a	17423	Marlowe, Christopher	The Massacre at Paris
209	135a	20002	W., W.	Menaechmi
209	135a	20002	Plautus	Menaechmi
210	136a	21528	S., W.	Locrine
211	137a	19545	P., G.	The Old Wives Tale
218	141b	22308	Shakespeare, William	Richard the Second
219	141c	22309	Shakespeare, William	Richard the Second
220	141d*	22310	Shakespeare, William	Richard the Second
221	141d†	22311	Shakespeare, William	Richard the Second
222	141e	22312	Shakespeare, William	Richard the Second
223	141h*	22313	Shakespeare, William	Richard the Second
224	141h†	22313	Shakespeare, William	Richard the Second
226	142b	22315	Shakespeare, William	Richard the Third
227	142c	22316	Shakespeare, William	Richard the Third
228	142d	22317	Shakespeare, William	Richard the Third
229	142e	22318	Shakespeare, William	Richard the Third
230	142f	22319	Shakespeare, William	Richard the Third
231	142h	22320	Shakespeare, William	Richard the Third
232	142j	22321	Shakespeare, William	Richard the Third
237	143e†	22325a	Shakespeare, William	Romeo and Juliet
238	143g	22326	Shakespeare, William	Romeo and Juliet
239	144a	17090	Lyly, John	The Woman in the Moon
242	145c	22281	Shakespeare, William	1 Henry the Fourth
243	145d	22282	Shakespeare, William	1 Henry the Fourth
244	145e	22283	Shakespeare, William	1 Henry the Fourth
245	145f	22284	Shakespeare, William	1 Henry the Fourth
246	145g	22285	Shakespeare, William	1 Henry the Fourth
247	145i	22286	Shakespeare, William	1 Henry the Fourth
248	145k	22287	Shakespeare, William	1 Henry the Fourth
249	146a	4965	Chapman, George	The Blind Beggar of Alexandria (Irus)
250	147ai	3544	Brandon, Samuel	The Virtuous Octavia
251	147aii	3544	Brandon, Samuel	The Virtuous Octavia
255	149a	12308	Greene, Robert	The Scottish History of James the Fourth
256	150a	22294	Shakespeare, William	Love's Labor's Lost
257	150c	22295	Shakespeare, William	Love's Labor's Lost
275	156a	12233	G., R.	Alphonsus, King of Aragon
278	159a*	4987	C., G.	An Humorous Day's Mirth (The Comedy of Humors)
279	159a†	4987	C., G.	An Humorous Day's Mirth (The Comedy of Humors)
280	160a	19540	Peele, George	The Love of David and Fair Bathsheba
281	161a	20121.5	Porter, Henry	1 The Two Angry Women of Abingdon
282	161b	20122	Porter, Henry	1 The Two Angry Women of Abingdon
284	163a	14767	J., B.	Every Man Out of His Humor
285	163b	14768	J., B.	Every Man Out of His Humor
286	163c	14769	J., B.	Every Man Out of His Humor
292	166b	18796	Shakespeare, William	1 Sir John Oldcastle
293	167ai	22288	Shakespeare, William	2 Henry the Fourth
294	167aii	22288a	Shakespeare, William	2 Henry the Fourth
295	168a	22304	Shakespeare, William	Much Ado About Nothing
297	170a	22302	Shakespeare, William	A Midsummer Night's Dream
298	170b	22303	Shakespeare, William	A Midsummer Night's Dream
301	172a	22296	Shakespeare, William	The Merchant of Venice (The Jew of Venice)
302	172b	22297	Shakespeare, William	The Merchant of Venice (The Jew of Venice)
303	172ei	22298	Shakespeare, William	The Merchant of Venice (The Jew of Venice)
304	172eii	Wing S2938	Shakespeare, William	The Merchant of Venice (The Jew of Venice)
305	173a	18376	Nashe, Thomas	Summer's Last Will and Testament
313	176a	14766	Jonson, Ben	Every Man in His Humor
317	178a	17082	Lyly, John	Love's Metamorphosis
320	181ai	14773	Jonson, Ben	Cynthia's Revels, or The Fountain of Self-Love
321	181aii	14773	Jonson, Ben	Cynthia's Revels, or The Fountain of Self-Love
322	182a	26076	Yarington, Robert	Two Lamentable Tragedies
326	185a	17474	M., J.	Antonio's Revenge (2 Antonio and Mellida)
327	186a	14781	Jonson, Ben	Poetaster, or The Arraignment
329	187b	22300	Shakespeare, William	The Merry Wives of Windsor
325	184a	17473	M., J.	Antonio and Mellida
328	187a	22299	Shakespeare, William	The Merry Wives of Windsor
330	187d	22301	Shakespeare, William	The Merry Wives of Windsor
332	189a	21532	S., W.	Thomas Lord Cromwell
333	189b	21533	S., W.	Thomas Lord Cromwell
343	195a*	6520.7	Dekker, Thomas	Satiromastix, or The Untrussing of the Humorous Poet
344	195a†	6521	Dekker, Thomas	Satiromastix, or The Untrussing of the Humorous Poet
345	196a	349	Alexander, William	Darius
369	205a	17429	Marlowe, Christopher	Doctor Faustus
370	205b	17430	Marlowe, Christopher	Doctor Faustus
371	205c	17431	Marlowe, Christopher	Doctor Faustus
346	196b	350	Alexander, William	Darius
347	197a	22275	Shakespeare, William	Hamlet, Prince of Denmark
348	197b*	22276	Shakespeare, William	Hamlet, Prince of Denmark
349	197b†)	22276a	Shakespeare, William	Hamlet, Prince of Denmark
350	197c	22277	Shakespeare, William	Hamlet, Prince of Denmark
351	197d	22278	Shakespeare, William	Hamlet, Prince of Denmark
352	197g	22279	Shakespeare, William	Hamlet, Prince of Denmark
356	202a	6510	Dekker, Thomas	The Magnificent Entertainment Given to King James (The Entertainment through London)
357	202b	6513	Dekker, Thomas	The Magnificent Entertainment Given to King James (The Entertainment through London)
358	202c	6512	Dekker, Thomas	The Magnificent Entertainment Given to King James (The Entertainment through London)
359	203a	17479	Marston, John	The Malcontent
360	203b	17480	Marston, John	The Malcontent
361	203c	17481	Marston, John	The Malcontent
361	203c	17481	Webster, John	The Malcontent
362	204a	6501	Dekker, Thomas	1 The Honest Whore (1 The Converted Courtesan)
917	554aii	M1416	May, Thomas	Julia Agrippina, Empress of Rome
364	204c	6502	Dekker, Thomas	1 The Honest Whore (1 The Converted Courtesan)
365	204d*	6503	Dekker, Thomas	1 The Honest Whore (1 The Converted Courtesan)
367	204d§	6504	Dekker, Thomas	1 The Honest Whore (1 The Converted Courtesan)
366	204d†	6504	Dekker, Thomas	1 The Honest Whore (1 The Converted Courtesan)
368	204e	6505	Dekker, Thomas	1 The Honest Whore (1 The Converted Courtesan)
372	205d	17432	Marlowe, Christopher	Doctor Faustus
373	205e	17433	Marlowe, Christopher	Doctor Faustus
374	205f	17434	Marlowe, Christopher	Doctor Faustus
375	205g	17435	Marlowe, Christopher	Doctor Faustus
376	205h	17435.5	Marlowe, Christopher	Doctor Faustus
377	205i	17436	Marlowe, Christopher	Doctor Faustus
381	208a	12863	Harrison, Stephen	Arches of Triumph (The Entertainment through London)
382	208b	12863a	Harrison, Stephen	Arches of Triumph (The Entertainment through London)
386	212a	21417	Rowley, Samuel	When You See Me You Know Me (Henry the Eighth)
387	212b	21418	Rowley, Samuel	When You See Me You Know Me (Henry the Eighth)
388	212c	21419	Rowley, Samuel	When You See Me You Know Me (Henry the Eighth)
389	212d	21420	Rowley, Samuel	When You See Me You Know Me (Henry the Eighth)
391	214a	17475	Marston, John	The Dutch Courtesan (Cockle de Moye)
401	216a	14782	Jonson, Ben	Sejanus His Fall
402	217ai	4970	Chapman, George	Eastward Ho
402	217ai	4970	Jonson, Ben	Eastward Ho
402	217ai	4970	Marston, John	Eastward Ho
403	217aii	4971	Chapman, George	Eastward Ho
403	217aii	4971	Jonson, Ben	Eastward Ho
403	217aii	4971	Marston, John	Eastward Ho
404	217b	4972	Chapman, George	Eastward Ho
404	217b	4972	Jonson, Ben	Eastward Ho
404	217b	4972	Marston, John	Eastward Ho
405	217c	4973	Chapman, George	Eastward Ho
405	217c	4973	Jonson, Ben	Eastward Ho
405	217c	4973	Marston, John	Eastward Ho
406	218a	18279	Munday, Anthony	The Triumphs of Reunited Britannia
407	219a	4963	Chapman, George	All Fools
410	222a	22333	Shakespeare, William	The London Prodigal
411	223a	6239	Daniel, Samuel	Philotas
419	226a	4978	Chapman, George	The Gentleman Usher (Vincentio and Margaret)
426	230a	17483	Marston, John	Parasitaster, or The Fawn
427	230b	17484	Marston, John	Parasitaster, or The Fawn
428	231ai	17488	Marston, John	The Wonder of Women, or Sophonisba
429	231aii	17488.3	Marston, John	The Wonder of Women, or Sophonisba
442	235a*	6412	Day, John	The Isle of Gulls
443	235a†	6413	Day, John	The Isle of Gulls
445	236a*1 236a*2	4983	Chapman, George	Monsieur D'Olive
446	236a*1 236a†2	4983	Chapman, George	Monsieur D'Olive
449	237a	14774	Jonson, Ben	Hymenaei
450	238a	4538	Campion, Thomas	The Masque at Lord Hay's Marriage
460	241a	6532	Dekker, Thomas	The Whore of Babylon
470	245bi	B1618	Fletcher, John	The Woman Hater (The Hungry Courtier)
471	245bii	B1619	Fletcher, John	The Woman Hater (The Hungry Courtier)
471	245bii	B1619	Beaumont, Francis	The Woman Hater (The Hungry Courtier)
477	246biv	C1944	Chapman, George	Bussy D'Ambois
484	249a	25635	Wilkins, George	The Miseries of Enforced Marriage
485	249b	25636	Wilkins, George	The Miseries of Enforced Marriage
486	249c	25637	Wilkins, George	The Miseries of Enforced Marriage
487	249d	25638	Wilkins, George	The Miseries of Enforced Marriage
488	250a	6539	Dekker, Thomas	Northward Ho
488	250a	6539	Webster, John	Northward Ho
489	251a	21531	S., W.	The Puritan, or The Widow of Watling Street
490	252a	17487	Marston, John	What You Will
495	255a	22384	Sharpham, Edward	The Fleer
496	255b	22385	Sharpham, Edward	The Fleer
497	255c	22386	Sharpham, Edward	The Fleer
498	255d	22387	Sharpham, Edward	The Fleer
499	256a	6537	Dekker, Thomas	The Famous History of Sir Thomas Wyatt
499	256a	6537	Webster, John	The Famous History of Sir Thomas Wyatt
500	256b	6538	Dekker, Thomas	The Famous History of Sir Thomas Wyatt
500	256b	6538	Webster, John	The Famous History of Sir Thomas Wyatt
501	257a	6540	Dekker, Thomas	Westward Ho
501	257a	6540	Webster, John	Westward Ho
502	258a	13371	Heywood, Thomas	A Woman Killed with Kindness
503	258b	13372	Heywood, Thomas	A Woman Killed with Kindness
504	259ai	14783	Jonson, Ben	Volpone, or The Fox
528	273d	13362	Heywood, Thomas	The Rape of Lucrece
529	273e	13363	Heywood, Thomas	The Rape of Lucrece
505	259aii	14783	Jonson, Ben	Volpone, or The Fox
507	262aii	17896a	M., T.	A Trick to Catch the Old One
508	262b	17897	Middleton, Thomas	A Trick to Catch the Old One
517	265a	22292	Shakespeare, William	King Lear
518	265b	22293	Shakespeare, William	King Lear
519	265e	S2957	Shakespeare, William	King Lear
520	266a	17907	Middleton, Thomas	Your Five Gallants (The Five Witty Gallants)
521	267a	6416	Day, John	Law Tricks
522	268a	6411	Day, John	Humor Out of Breath
523	272a	22340	Shakespeare, William	A Yorkshire Tragedy
524	272b	22341	Shakespeare, William	A Yorkshire Tragedy
525	273a	13360	Heywood, Thomas	The Rape of Lucrece
526	273b	13361	Heywood, Thomas	The Rape of Lucrece
527	273c	13361a	Heywood, Thomas	The Rape of Lucrece
530	276a	17888	M., T.	A Mad World, My Masters
531	276b	17889	M., T.	A Mad World, My Masters
532	277a cancel	17399	Markham, Gervase	The Dumb Knight
538	279ai	22331	Shakespeare, William	Troilus and Cressida
539	279aii	22332	Shakespeare, William	Troilus and Cressida
540	280a	14778	Jonson, Ben	The Masque of Queens
541	281ai	14757	Jonson, Ben	The Case Is Altered
543	281aii†	14758	Jonson, Ben	The Case Is Altered
546	284a	22334	Shakespeare, William	Pericles, Prince of Tyre
547	284b	22335	Shakespeare, William	Pericles, Prince of Tyre
548	284c	22336	Shakespeare, William	Pericles, Prince of Tyre
549	284e*	22337	Shakespeare, William	Pericles, Prince of Tyre
550	284e†	22338	Shakespeare, William	Pericles, Prince of Tyre
551	284f	22339	Shakespeare, William	Pericles, Prince of Tyre
552	285a	773	Armin, Robert	The Two Maids of More-Clacke
553	286a	17617	Mason, John	The Turk (Muleasses the Turk)
554	286b	17618	Mason, John	The Turk (Muleasses the Turk)
555	287a	11068	Fletcher, John	The Faithful Shepherdess
556	287b	11069	Fletcher, John	The Faithful Shepherdess
557	287c	11070	Fletcher, John	The Faithful Shepherdess
558	287d	F1340	Fletcher, John	The Faithful Shepherdess
562	292a	1502	Barry, Lording	Ram Alley, or Merry Tricks
563	292b	1502a	Barry, Lording	Ram Alley, or Merry Tricks
564	292c	1503	Barry, Lording	Ram Alley, or Merry Tricks
565	293a*	24146	Tourneur, Cyril	The Atheist's Tragedy, or The Honest Man's Revenge
566	293a†	24147	Tourneur, Cyril	The Atheist's Tragedy, or The Honest Man's Revenge
567	294a	13325	Heywood, Thomas	The Golden Age, or The Lives of Jupiter and Saturn
568	295a	18267	M, A.	Chryso-Thriambos
569	295b	18267.5	M, A.	Chryso-Thriambos
570	296a	14759	Jonson, Ben	Catiline His Conspiracy
571	296c	14760	Jonson, Ben	Catiline His Conspiracy
573	297a	4980	Chapman, George	May Day
572	296d	14760.5	Jonson, Ben	Catiline His Conspiracy
574	298a	17908	Dekker, Thomas	The Roaring Girl, or Moll Cutpurse
574	298a	17908	Middleton, Thomas	The Roaring Girl, or Moll Cutpurse
575	299a	10854	Field, Nathan	A Woman Is a Weathercock
576	300a	6184	Daborne, Robert	A Christian Turned Turk (The Two Famous Pirates)
577	301a	4994	Chapman, George	The Widow's Tears
578	302a	6530	Dekker, Thomas	Troia Nova Triumphans
579	303a	14755	Jonson, Ben	The Alchemist
580	304ci	14763	J., B.	Epicene, or The Silent Woman
581	304cii	14764	Jonson, Ben	Epicene, or The Silent Woman
582	305a	6507	Dekker, Thomas	If It Be Not Good, the Devil Is in It (If This Be Not a Good Play, the Devil Is in It)
583	306a	25178	Webster, John	The White Devil (Vittoria Corombona)
584	306b	25179	Webster, John	The White Devil (Vittoria Corombona)
585	307a	4989	Chapman, George	The Revenge of Bussy D'Ambois
586	308ai	4613	C., E.	Mariam, the Fair Queen of Jewry
587	308aii	4613	C., E.	Mariam, the Fair Queen of Jewry
609	321a	23658	Tailor, Robert	The Hog Hath Lost His Pearl
610	322a	18274	M, A.	Himatia-Poleos
611	323a	5673	Cooke, Jo.	Greene's Tu Quoque, or The City Gallant
612	323b	5674	Cooke, Jo.	Greene's Tu Quoque, or The City Gallant
613	323c	5675	Cooke, Jo.	Greene's Tu Quoque, or The City Gallant
588	309a	1663	Beaumont, Francis	The Masque of the Inner Temple and Gray's Inn
590	310a*	4981	Chapman, George	The Masque of the Middle Temple and Lincoln's Inn
590	310a*	4981	Jones, Inigo	The Masque of the Middle Temple and Lincoln's Inn
591	310a†	4981	Chapman, George	The Masque of the Middle Temple and Lincoln's Inn
591	310a†	4981	Jones, Inigo	The Masque of the Middle Temple and Lincoln's Inn
592	310b	4982	Chapman, George	The Masque of the Middle Temple and Lincoln's Inn
592	310b	4982	Jones, Inigo	The Masque of the Middle Temple and Lincoln's Inn
593	311a*	17903	Middleton, Thomas	The Triumphs of Truth
5024		18138	Mornay, Philippe de	A Discourse of Life and Death; Antonius
595	313a	13310	Heywood, Thomas	The Brazen Age
597	314a*	23248	Stephens, John	Cynthia's Revenge, or Maenander's Ecstasy
599	315ai	17476	Marston, John	The Insatiate Countess
600	315aii	17476.5	Machin, Lewis	The Insatiate Countess
600	315aii	17476.5	Barkstead, William	The Insatiate Countess
602	315ci	17478	Marston, John	The Insatiate Countess
603	315cii	17478a	Barkstead, William	The Insatiate Countess
605	316b	1675	Fletcher, John	The Knight of the Burning Pestle
605	316b	1675	Beaumont, Francis	The Knight of the Burning Pestle
606	317a	13365	Heywood, Thomas	The Silver Age
614	324a*	4539	Campion, Thomas	The Masque at the Earl of Somerset's Marriage (The Masque of Squires)
615	324a†	4539	Campion, Thomas	The Masque at the Earl of Somerset's Marriage (The Masque of Squires)
616	325a	6257	Daniel, Samuel	Hymen's Triumph
619	327a	16	A., R.	The Valiant Welshman (Caradoc the Great)
620	328a	1667	Fletcher, John	Cupid's Revenge
621	328b	1668	Fletcher, John	Cupid's Revenge
621	328b	1668	Beaumont, Francis	Cupid's Revenge
622	328c	1669	Fletcher, John	Cupid's Revenge
622	328c	1669	Beaumont, Francis	Cupid's Revenge
623	329a	22871	Smith, W.	The Hector of Germany, or The Palsgrave, Prime Elector
624	329a cancel	22871a	Smith, W.	The Hector of Germany, or The Palsgrave, Prime Elector
630	332a	18275	M, A.	Metropolis Coronata
697	380a*	17644a	Dekker, Thomas	The Virgin Martyr
697	380a*	17644a	Massinger, Philip	The Virgin Martyr
698	380a†	17644	Dekker, Thomas	The Virgin Martyr
698	380a†	17644	Massinger, Philip	The Virgin Martyr
699	380b	17645	Dekker, Thomas	The Virgin Martyr
699	380b	17645	Massinger, Philip	The Virgin Martyr
631	333a	13321	Heywood, Thomas	The Four Prentices of London
632	333b	13322	Heywood, Thomas	The Four Prentices of London
633	334a	1686	Fletcher, John	The Scornful Lady
633	334a	1686	Beaumont, Francis	The Scornful Lady
634	334b	1687	Fletcher, John	The Scornful Lady
634	334b	1687	Beaumont, Francis	The Scornful Lady
635	334c	1688	Fletcher, John	The Scornful Lady
635	334c	1688	Beaumont, Francis	The Scornful Lady
636	334d	1689	Fletcher, John	The Scornful Lady
636	334d	1689	Beaumont, Francis	The Scornful Lady
637	334e	1690	Fletcher, John	The Scornful Lady
637	334e	1690	Beaumont, Francis	The Scornful Lady
638	334f	B1609	Fletcher, John	The Scornful Lady
638	334f	B1609	Beaumont, Francis	The Scornful Lady
640	334g	B1608	Fletcher, John	The Scornful Lady
640	334g	B1608	Beaumont, Francis	The Scornful Lady
639	334h	B1608A	Fletcher, John	The Scornful Lady
639	334h	B1608A	Beaumont, Francis	The Scornful Lady
641	335a	18266	M, A.	Chrysanaleia: The Golden Fishing, or Honor of Fishmongers
645	337a*	21519	S., S.	The Honest Lawyer
646	337a†	21519a	S., S.	The Honest Lawyer
653	353a	13617	Holiday, Barten	Technogamia, or The Marriages of the Arts
654	353b	13618	Holiday, Barten	Technogamia, or The Marriages of the Arts
656	355a	18278	M, A.	Siderothriambos, or Steel and Iron Triumphing
650	352ai	17911	Middleton, Thomas	A Fair Quarrel
650	352ai	17911	Rowley, William	A Fair Quarrel
651	352aii	17911a	Middleton, Thomas	A Fair Quarrel
651	352aii	17911a	Rowley, William	A Fair Quarrel
652	352b	17912	Middleton, Thomas	A Fair Quarrel
652	352b	17912	Rowley, William	A Fair Quarrel
655	354a	1803	Hans Beer-Pot	Hans Beer-Pot (See Me and See Me Not)
657	356ai	10851	Field, Nathan	Amends for Ladies
658	356aii	10852	Field, Nathan	Amends for Ladies
659	356b	10853	Field, Nathan	Amends for Ladies
663	357c	1679	Fletcher, John	The Maid's Tragedy
663	357c	1679	Beaumont, Francis	The Maid's Tragedy
664	357d	1680	Fletcher, John	The Maid's Tragedy
664	357d	1680	Beaumont, Francis	The Maid's Tragedy
665	357e	B1594	Fletcher, John	The Maid's Tragedy
665	357e	B1594	Beaumont, Francis	The Maid's Tragedy
666	357fi	B1595	Fletcher, John	The Maid's Tragedy
666	357fi	B1595	Beaumont, Francis	The Maid's Tragedy
667	357fii	B1595	Fletcher, John	The Maid's Tragedy
667	357fii	B1595	Beaumont, Francis	The Maid's Tragedy
668	358a	17887	Middleton, Thomas	The Inner-Temple Masque, or The Masque of Heroes
694	379a	22305	Shakespeare, William	Othello, the Moor of Venice
695	379c	22306	Shakespeare, William	Othello, the Moor of Venice
696	379e	S2939	Shakespeare, William	Othello, the Moor of Venice
669	359a	17902	Middleton, Thomas	The Triumphs of Love and Antiquity
670	360a	1670	Fletcher, John	A King and No King
670	360a	1670	Beaumont, Francis	A King and No King
671	360b	1671	Fletcher, John	A King and No King
671	360b	1671	Beaumont, Francis	A King and No King
672	360c	1672	Fletcher, John	A King and No King
672	360c	1672	Beaumont, Francis	A King and No King
673	360d	1673	Fletcher, John	A King and No King
673	360d	1673	Beaumont, Francis	A King and No King
674	360e	B1589	Fletcher, John	A King and No King
674	360e	B1589	Beaumont, Francis	A King and No King
677	363a*	1681	Fletcher, John	Philaster, or Love Lies a-Bleeding
677	363a*	1681	Beaumont, Francis	Philaster, or Love Lies a-Bleeding
678	363a†	1681.5	Fletcher, John	Philaster, or Love Lies a-Bleeding
678	363a†	1681.5	Beaumont, Francis	Philaster, or Love Lies a-Bleeding
679	363b	1682	Fletcher, John	Philaster, or Love Lies a-Bleeding
679	363b	1682	Beaumont, Francis	Philaster, or Love Lies a-Bleeding
680	363c	1683	Fletcher, John	Philaster, or Love Lies a-Bleeding
680	363c	1683	Beaumont, Francis	Philaster, or Love Lies a-Bleeding
681	363d	1684	Fletcher, John	Philaster, or Love Lies a-Bleeding
681	363d	1684	Beaumont, Francis	Philaster, or Love Lies a-Bleeding
682	363ei	1685	Fletcher, John	Philaster, or Love Lies a-Bleeding
682	363ei	1685	Beaumont, Francis	Philaster, or Love Lies a-Bleeding
683	363eii	1685.5	Fletcher, John	Philaster, or Love Lies a-Bleeding
683	363eii	1685.5	Beaumont, Francis	Philaster, or Love Lies a-Bleeding
684	363f	B1598	Fletcher, John	Philaster, or Love Lies a-Bleeding
684	363f	B1598	Beaumont, Francis	Philaster, or Love Lies a-Bleeding
685	363g	B1598A	Fletcher, John	Philaster, or Love Lies a-Bleeding
685	363g	B1598A	Beaumont, Francis	Philaster, or Love Lies a-Bleeding
686	364a	4281	C., I.	The Two Merry Milkmaids, or The Best Words Wear the Garland
692	368bi	F1352	Fletcher, John	Thierry and Theodoret
693	368bii	F1353	Fletcher, John	Thierry and Theodoret
693	368bii	F1353	Beaumont, Francis	Thierry and Theodoret
687	365a*	17909	Middleton, Thomas	The World Tossed at Tennis
687	365a*	17909	Rowley, William	The World Tossed at Tennis
688	365a†	17910	Middleton, Thomas	The World Tossed at Tennis
688	365a†	17910	Rowley, William	The World Tossed at Tennis
689	366a	23120.5	S., J.	Tes Irenes Trophaea, or The Triumphs of Peace
690	367a	17895	Middleton, Thomas	The Sun in Aries
700	380c	M1052	Dekker, Thomas	The Virgin Martyr
700	380c	M1052	Massinger, Philip	The Virgin Martyr
703	382a*	17401	Markham, Gervase	Herod and Antipater
703	382a*	17401	Sampson, William	Herod and Antipater
704	382a†	17402	Markham, Gervase	Herod and Antipater
704	382a†	17402	Sampson, William	Herod and Antipater
705	383a	17900	Middleton, Thomas	The Triumphs of Honor and Virtue
706	384a	17713	M., T.	The Heir
707	384b	17714	M., T.	The Heir
710	386a	17634	Massinger, Philip	The Duke of Milan
711	386b	17635	Massinger, Philip	The Duke of Milan
894	537b*	K444	Killigrew, Henry	The Conspiracy (Pallantus and Eudora)
1070	713a	S3464	S., J.	Cupid and Death
1071	713bi	S3465	S., J.	Cupid and Death
712	387a	17901	Middleton, Thomas	The Triumphs of Integrity
713	388a	25173	Webster, John	The Devil's Law Case (When Women Go to Law the Devil Is Full of Business)
714	389a	25176	Webster, John	The Duchess of Malfi
715	389bi*	25177	Webster, John	The Duchess of Malfi
716	389bi†	25177a	Webster, John	The Duchess of Malfi
718	408a	17632	Massinger, Philip	The Bondman (The Noble Bondman)
719	408b*	17633a	Massinger, Philip	The Bondman (The Noble Bondman)
720	408b†	17633	Massinger, Philip	The Bondman (The Noble Bondman)
721	409a	25175	Webster, John	Monuments of Honor
731	417a	23696	Tasso, Torquato	Aminta
736	421a	6509	Dekker, Thomas	London's Tempe, or The Field of Happiness
729	413a	17898	Middleton, Thomas	The Triumphs of Health and Prosperity
732	418a	11995	Gomersall, Robert	Lodovick Sforza
733	419a	6493	Dekker, Thomas	Britannia's Honor
737	422a	6307	Davenant, William	Albovine, King of the Lombards
738	423a	4628	Carlell, Lodowick	The Deserving Favorite
739	423b	C578	Carlell, Lodowick	The Deserving Favorite
740	424a*	17642	Massinger, Philip	The Roman Actor
741	424a†	17642	Massinger, Philip	The Roman Actor
742	425a	22460	Shirley, James	The Wedding
743	425b	22461	Shirley, James	The Wedding
807	471a	21425	Rowley, William	All's Lost by Lust
744	425c	S3493	Shirley, James	The Wedding
745	426a	11541	Gallobelgicus	Wine, Beer, and Ale Together by the Ears (Wine, Beer, Ale, and Tobacco Contending for Superiority)
745	426a	11541	Mercurius Brittannicus	Wine, Beer, and Ale Together by the Ears (Wine, Beer, Ale, and Tobacco Contending for Superiority)
750	429a	22444	Shirley, James	The Grateful Servant (The Faithful Servant)
751	429b	22445	Shirley, James	The Grateful Servant (The Faithful Servant)
752	430a	17641	Massinger, Philip	The Renegado, or The Gentleman of Venice
753	433a	17877	Middleton, Thomas	A Chaste Maid in Cheapside
755	435a	6506	Dekker, Thomas	2 The Honest Whore (2 The Converted Courtesan)
756	436a*1 436a*2	17640	Massinger, Philip	The Picture
758	436a†1 436a*2	17640.5	Massinger, Philip	The Picture
760	437a	14776	Jonson, Ben	Love's Triumph Through Callipolis
760	437a	14776	Jones, Inigo	Love's Triumph Through Callipolis
767	442a	14780	Jonson, Ben	The New Inn, or The Light Heart
769	444ai*	4993	Chapman, George	Caesar and Pompey (The Wars of Caesar and Pompey)
764	440a	6529	Dekker, Thomas	Match Me in London
765	441a	22456	S., J.	The School of Compliment (Love Tricks)
766	441b	22457	S., J.	The School of Compliment (Love Tricks)
770	444ai†	4992	C., G.	Caesar and Pompey (The Wars of Caesar and Pompey)
771	444aii	C1946	Chapman, George	Caesar and Pompey (The Wars of Caesar and Pompey)
772	444aiii	C1947	Chapman, George	Caesar and Pompey (The Wars of Caesar and Pompey)
773	445a	13320	H., T.	1 The Fair Maid of the West, or A Girl Worth Gold
774	446a	13320	H., T.	2 The Fair Maid of the West, or A Girl Worth Gold
775	447a	11980	Goffe, Thomas	The Raging Turk, or Bajazet the Second
5012		5232	Churchyard, Thomas	The First Part of Churchyard's Chips
890	536a*	22441b	Shirley, James	The Duke's Mistress
893	537a	14958	Killigrew, Henry	The Conspiracy (Pallantus and Eudora)
895	537b†	K444A	Killigrew, Henry	The Conspiracy (Pallantus and Eudora)
780	450a	17716	M., T.	Antigone, the Theban Princess
786	457bi	J1011	Jonson, Ben	The Devil Is an Ass
787	458a	11977	Goffe, Thomas	The Courageous Turk, or Amurath the First
788	459a	17636	Massinger, Philip	The Emperor of the East
789	460a	21423	Rowley, William	A New Wonder, A Woman Never Vexed
790	461a	17443	Marmion, Shackerley	Holland's Leaguer
792	462a	22437	Shirley, James	Changes, or Love in a Maze
793	463a	3819	Brome, Richard	The Northern Lass
794	464a	17646	M., P.	The Fatal Dowry
794	464a	17646	F., N.	The Fatal Dowry
795	465a	12935	Hausted, Peter	The Rival Friends
797	467ai	13340	Heywood, Thomas	1 The Iron Age
798	467aii	13340.5	Heywood, Thomas	1 The Iron Age
799	468a	13340	Heywood, Thomas	2 The Iron Age
796	466a	13347	Heywood, Thomas	Londini Artium et Scientiarum Scaturigo, or London's Fountain of Arts and Sciences
800	469a*	20692	Randolph, Thomas	The Jealous Lovers
801	469a†	20692a	Randolph, Thomas	The Jealous Lovers
802	469b	20693	Randolph, Thomas	The Jealous Lovers
803	469c	20693a	Randolph, Thomas	The Jealous Lovers
804	469d	R239B	Randolph, Thomas	The Jealous Lovers
805	470ai	17638	Massinger, Philip	The Maid of Honor
806	470aii	17638.5	Massinger, Philip	The Maid of Honor
810	473a	22439	S., J.	The Contention for Honor and Riches (Honoria and Mammon)
811	474a	17639	Massinger, Philip	A New Way to Pay Old Debts
1072	713bii	S3465A	S., J.	Cupid and Death
1077	717a	M1986	Middleton, Thomas	The Spanish Gypsy
1077	717a	M1986	Rowley, William	The Spanish Gypsy
812	475a	17412	Marlowe, Christopher	The Jew of Malta
813	476a	21421	R., W.	A Match at Midnight
814	477a	22462	Shirley, James	The Witty Fair One
816	479a	22436	Shirley, James	The Bird in a Cage (The Beauties)
818	481a	17442	Marmion, Shackerley	A Fine Companion
820	483a	13348	Heywood, Thomas	Londini Emporia, or London's Mercatura
821	484a	13315	Heywood, Thomas	The English Traveller
822	485a	11982	Goffe, Thomas	Orestes
826	488a,b*	22458.5	Shirley, James	The Triumph of Peace
828	488a,b†	22459a.5	Shirley, James	The Triumph of Peace
832	490a	21416	R., S.	The Noble Spanish Soldier (The Noble Soldier, or A Contract Broken Justly Revenged)
835	492a	11075	Shakespeare, William	The Two Noble Kinsmen
835	492a	11075	Fletcher, John	The Two Noble Kinsmen
836	493a	13357	Heywood, Thomas	A Maidenhead Well Lost
837	494a	13373	Heywood, Thomas	The Late Lancashire Witches
837	494a	13373	Brome, Richard	The Late Lancashire Witches
830	488ci	22459b	Shirley, James	The Triumph of Peace
831	488cii	22459b	Shirley, James	The Triumph of Peace
838	495a	23808	Taylor, John	The Triumphs of Fame and Honor
840	497a*	14719	Jones, Inigo	The Temple of Love
840	497a*	14719	Davenant, William	The Temple of Love
841	497a†	14719	Davenant, William	The Temple of Love
842	498a	22458	Shirley, James	The Traitor
843	499a	21470	R., J.	The Shepherds' Holiday
844	500a	13348a	Heywood, Thomas	Londini Sinus Salutis, or London's Harbor of Health and Happiness
849	504a*	13352	Heywood, Thomas	Love's Mistress, or The Queen's Masque (Cupid and Psyche, or Cupid's Mistress)
866	515c*	B1585	Fletcher, John	The Elder Brother
866	515c*	B1585	Beaumont, Francis	The Elder Brother
869	516a	13364	Heywood, Thomas	The Royal King and the Loyal Subject
891	536a†	22441	Shirley, James	The Duke's Mistress
850	504a†	13352	Heywood, Thomas	Love's Mistress, or The Queen's Masque (Cupid and Psyche, or Cupid's Mistress)
851	504b	13353	Heywood, Thomas	Love's Mistress, or The Queen's Masque (Cupid and Psyche, or Cupid's Mistress)
5122		13798	Horace	Q. Horatius Flaccus His Art of Poetry
853	505a	17637	Massinger, Philip	The Great Duke of Florence
854	506a	6305	Davenant, William	The Platonic Lovers
855	507a*	6309	Davenant, William	The Wits
856	507a†	6309	Davenant, William	The Wits
857	508a	6533	Dekker, Thomas	The Wonder of A Kingdom
858	509a	13311	Heywood, Thomas	A Challenge for Beauty
859	510a	21688	Sampson, William	The Vow Breaker, or The Fair Maid of Clifton
863	513a	18341	Nabbes, Thomas	Hannibal and Scipio
864	514a	18342	Nabbes, Thomas	Microcosmus
865	515a	11066	Fletcher, John	The Elder Brother
867	515c†	B1586	Fletcher, John	The Elder Brother
867	515c†	B1586	Beaumont, Francis	The Elder Brother
868	515b	11067	Fletcher, John	The Elder Brother
870	517a	22446	Shirley, James	Hyde Park
871	518a	22448	Shirley, James	The Lady of Pleasure
872	519a	22463	Shirley, James	The Young Admiral
873	520a	24910	W., J.	The Valiant Scot
874	521a	22442	Shirley, James	The Example
875	522a	13349	Heywood, Thomas	Londini Speculum, or London's Mirror
876	523a	22443	Shirley, James	The Gamester
880	526a	14718	Jones, Inigo	Britannia Triumphans
880	526a	14718	Davenant, William	Britannia Triumphans
882	531a	21422	R., W.	A Shoemaker a Gentleman
884	533a*	22435	Shirley, Henry	The Martyred Soldier
889	535a	13370	Heywood, Thomas	The Wise Woman of Hogsdon
885	533a†	22435	Shirley, Henry	The Martyred Soldier
892	536a§	22441a	Shirley, James	The Duke's Mistress
896	538a*	22454	Shirley, James	The Royal Master
897	538a†	22454a	Shirley, James	The Royal Master
898	539a	5904	Cowley, Abraham	Love's Riddle
899	540ai	18344	Nabbes, Thomas	Tottenham Court
900	540aii*	18345a	Nabbes, Thomas	Tottenham Court
901	540aii†	18345	Nabbes, Thomas	Tottenham Court
903	541b*	S6121A	Suckling, John	Aglaura
904	541b†	S6121	Suckling, John	Aglaura
905	541c	S6127	Suckling, John	Aglaura
906	542ai	18339	Nabbes, Thomas	Covent Garden
907	542aii*	18340	Nabbes, Thomas	Covent Garden
1164	792a	C1865	Chamberlain, William	Love's Victory
1165	793a*	S6263	Swinhoe, Gilbert	The Unhappy Fair Irene
1166	793a†	S6262	Swinhoe, Gilbert	The Unhappy Fair Irene
1167	794a	M1824	M., T.	The Wandering Lover
908	542aii†	18340.5	Nabbes, Thomas	Covent Garden
909	545a	15014	K., J.	The Seven Champions of Christendom
910	546a	13359	Heywood, Thomas	Porta Pietatis, or The Port or Harbor of Piety
911	549a	4995	Chapman, George	The Ball
911	549a	4995	Shirley, James	The Ball
912	550a	4996	Chapman, George	Chabot, Admiral of France
912	550a	4996	Shirley, James	Chabot, Admiral of France
913	553ai	17717	M., T.	Cleopatra, Queen of Egypt
915	554ai	17718	M., T.	Julia Agrippina, Empress of Rome
920	557a*	11908	Glapthorne, Henry	Argalus and Parthenia
921	557a†	11908	Glapthorne, Henry	Argalus and Parthenia
922	558ai	11071	Fletcher, John	Monsieur Thomas (Father's Own Son)
923	559a	17643	Massinger, Philip	The Unnatural Combat
928	561ai	6315	D., R.	A New Trick to Cheat the Devil
929	561aii	6315a	D., R.	A New Trick to Cheat the Devil
935	565a	11064	F., B. J.	The Bloody Brother (Rollo, Duke of Normandy)
930	562a*	22450a	Shirley, James	The Maid's Revenge
931	562a†	22450	Shirley, James	The Maid's Revenge
932	563a	1691	Fletcher, John	Wit without Money
933	564a*	11912	Glapthorne, Henry	Albertus Wallenstein
934	564a†	11913	Glapthorne, Henry	Albertus Wallenstein
936	565b	11065	Fletcher, John	The Bloody Brother (Rollo, Duke of Normandy)
937	566a	13350	Heywood, Thomas	Londini Status Pacatus, or London's Peaceable Estate
938	567a	6181	D., T.	The Bloody Banquet
940	568bii	M1467	M., J.	The City Match
941	569a	16873	Lower, William	The Phoenix in Her Flames
945	572a	22440	Fletcher, John	The Coronation
946	573a	22449	Shirley, James	Love's Cruelty
974	589ai	4946	C., R.	The Swaggering Damsel
947	574a	11072	Fletcher, John	The Night Walker, or The Little Thief
948	575a*	22451	Shirley, James	The Opportunity
949	575a†	22451a	Shirley, James	The Opportunity
950	575a§	22452	Shirley, James	The Opportunity
951	576a	18338	Nabbes, Thomas	The Bride
952	577a	22447	Shirley, James	The Humorous Courtier (The Duke)
953	578a	21011	Richards, Nathaniel	Messalina, the Roman Empress
962	580a	6174	D., J.	The Knave in Grain, New Vamped
963	581a	18346	Nabbes, Thomas	The Unfortunate Mother
964	582ai	20770	Rawlins, Thomas	The Rebellion
966	583a	22453	Shirley, James	The Arcadia
967	584a*	12133	G., J.	The Strange Discovery
968	584a†	12134	Gough, John	The Strange Discovery
965	582aii	R365A	R., T.	The Rebellion
969	586a	3818	Brome, Richard	The Antipodes
970	587a*	3820	Brome, Richard	The Sparagus Garden (Tom Hoydon o' Tanton Deane)
975	589aii	4946	C., R.	The Swaggering Damsel
976	590a	11910	Glapthorne, Henry	The Ladies' Privilege (The Lady's Privilege)
977	591a	11914	Glapthorne, Henry	Wit in a Constable
978	592a	22438	Shirley, James	The Constant Maid (Love Will Find Out the Way)
979	593a	22455	Shirley, James	1 Saint Patrick for Ireland
980	594a	11909	Glapthorne, Henry	The Hollander
981	595a*	21542	S., J.	Masquerade du Ciel
984	597a	22377	S., L.	The Noble Stranger
985	598a	11073	Fletcher, John	Rule a Wife and Have a Wife
986	599a	12757	H., S.	Sicily and Naples, or The Fatal Union
987	601a	M703	Marmion, Shackerley	The Antiquary
988	602a	D466	Day, John	The Parliament of Bees
1068	712ai*	M1981	Middleton, Thomas	The Changeling
1068	712ai*	M1981	Rowley, William	The Changeling
1069	712ai†	M1980	Middleton, Thomas	The Changeling
1069	712ai†	M1980	Rowley, William	The Changeling
990	604a	B5751	B., H.	Landgartha
994	621a	S6125A	Suckling, John	Brennoralt, or The Discontented Colonel
995	621b	S6122	Suckling, John	Brennoralt, or The Discontented Colonel
996	621c	S6127	Suckling, John	Brennoralt, or The Discontented Colonel
999	624ai	D348	Davenant, William	The Unfortunate Lovers
1000	624aii	D349	Davenant, William	The Unfortunate Lovers
1001	626a	B5734	Burkhead, Henry	Cola's Fury, or Lirenda's Misery
1002	627a	S3488	Shirley, James	The Triumph of Beauty
1003	628a	S6129	Suckling, John	The Goblins
1004	628b	S6127	Suckling, John	The Goblins
1005	629ai	G2174	Guarini, Giovanni Battista	Il Pastor Fido (The Faithful Shepherd)
1006	629aii	G2175	Guarini, Giovanni Battista	Il Pastor Fido (The Faithful Shepherd)
1006	629aii	G2175	Fanshawe, Richard	Il Pastor Fido (The Faithful Shepherd)
1007	630a	S3160	Sheppard, Samuel	1 The Committee-Man Curried
1009	632a	B4425	B., T.	The Country Girl
1008	631a	S3168	S., S.	2 The Committee-Man Curried
1010	635a	N394	Mercurius Pragmaticus	The Levellers Levelled, or The Independents' Conspiracy to Root Out Monarchy
1015	671bi	M1464	M., J.	The Amorous War
1016	671bii	M1464	M., J.	The Amorous War
1017	671biii	M1465	M., J.	The Amorous War
1018	672a	C6772	Mercurius Melancholicus	1 Crafty Cromwell, or Oliver Ordering Our New State
1019	673a	S2294	Mercurius Pragmaticus	2 Crafty Cromwell, or Oliver in His Glory as King
1021	674a	D1495	Mercurius Melancholicus	Ding-Dong, or Sir Pitiful on His Death-bed
1023	675a	S2513	Seneca	Medea
1023	675a	S2513	S., E.	Medea
1024	676a	M2281	Mercurius Melancholicus	Mistress Parliament Brought to Bed
1025	676b	M2281	Mercurius Melancholicus	Mistress Parliament Brought to Bed
1026	677a	M2284	Mercurius Melancholicus	Mistress Parliament Presented in Her Bed
1027	678a	M2282	Mercurius Melancholicus	Mistress Parliament, Her Gossiping
1028	678.5a	M2283	Mrs. Truth	Mistress Parliament, Her Invitation of Mistress London
1063	709a	M550	Manuche, Cosmo	The Loyal Lovers
1035	683a	S4690	W., C.	Electra
1035	683a	S4690	Sophocles	Electra
1036	684a	D329	Davenant, William	Love and Honor (The Courage of Love) (The Nonpareilles, or The Matchless Maids)
1042	688a	S2318	Man in the Moon	2 Newmarket Fair, or Mistress Parliament's New Figaries
1043	688b	S2318A	Man in the Moon	2 Newmarket Fair, or Mistress Parliament's New Figaries
1045	690a	Q118	Quarles, Francis	The Virgin Widow
1046	690b	Q119	Quarles, Francis	The Virgin Widow
1049	693ai	C6673	Cowley, Abraham	The Guardian (Cutter of Coleman Street)
1050	693aii	C6673	Cowley, Abraham	The Guardian (Cutter of Coleman Street)
1051	694a	T219	T., J.	The Distracted State
1052	695a	W2262	Willan, Leonard	Astraea, or Love's True Mirror
1053	696a	S2512	Seneca	Hippolytus
1053	696a	S2512	Prestwich, Edmund	Hippolytus
1057	700a	S58	S., J.	The Prince of Prigs' Revels
1056	699a	A3685	Randolph, Thomas	Plutophthalmia Plutogamia (Hey for Honesty, Down with Knavery)
1056	699a	A3685	J., F.	Plutophthalmia Plutogamia (Hey for Honesty, Down with Knavery)
1056	699a	A3685	Aristophanes	Plutophthalmia Plutogamia (Hey for Honesty, Down with Knavery)
1058	704a	M549	Manuche, Cosmo	The Just General
1059	705a	J1015	Jonson, Ben	The Widow
1059	705a	J1015	Fletcher, John	The Widow
1059	705a	J1015	Middleton, Thomas	The Widow
1060	706a	B1616	Fletcher, John	The Wild Goose Chase
1060	706a	B1616	Beaumont, Francis	The Wild Goose Chase
1062	708a	B4873	Brome, Richard	A Jovial Crew, or The Merry Beggars
1064	710a	G2125	Goldsmith, Francis	Sophompaneas, or Joseph
1064	710a	G2125	Grotius, Hugo	Sophompaneas, or Joseph
1073	714ai	H1422	Hemings, William	The Fatal Contract (The Eunuch)
1074	714aii	H1423	Hemings, William	The Fatal Contract (The Eunuch)
1080	723a	S3460	Shirley, James	The Brothers (The Politic Father)
1081	724a	S3485	Shirley, James	The Sisters
1168	797a*	M2475	Montague, Walter	The Shepherd's Paradise
1169	797a†	M2476	Montague, Walter	The Shepherd's Paradise
1082	725a	S3466	Shirley, James	The Doubtful Heir (Rosania, or Love's Victory)
1083	726a	S3476	Shirley, James	The Imposture (The Impostor)
1084	727a	S3461	Shirley, James	The Cardinal
1085	728a	S3463	Shirley, James	The Court Secret
1086	729a*	C1952	Chapman, George	Alphonsus, Emperor of Germany
1087	729a†	C1952A	Chapman, George	Alphonsus, Emperor of Germany
1088	730ai*	C1948	Chapman, George	Revenge for Honor (The Parricide)
1089	730ai†	C1949	Chapman, George	Revenge for Honor (The Parricide)
1090	730aii	C1949	Chapman, George	Revenge for Honor (The Parricide)
1091	730aiii	C1951	Chapman, George	Revenge for Honor (The Parricide)
1092	733ai	W1216	Webster, John	Appius and Virginia
1093	733aii	W1215	Webster, John	Appius and Virginia
1094	733aiii	W1217	Webster, John	Appius and Virginia
1095	733aiv	W1218	Webster, John	Appius and Virginia
1096	734a	F1209	Flecknoe, Richard	Ariadne Deserted by Theseus
1097	735a	M1564	Mead, Robert	The Combat of Love and Friendship
1098	736a	B4850	Brome, Alexander	The Cunning Lovers
1102	739a	H1783	Heywood, Thomas	Fortune by Land and Sea
1102	739a	H1783	Rowley, William	Fortune by Land and Sea
1099	737a	C6323	R., T.	The Extravagant Shepherd
1099	737a	C6323	Corneille	The Extravagant Shepherd
1103	740a	B4426	Brewer, Anthony	The Lovesick King
1104	741a	D101	Daborne, Robert	The Poor Man's Comfort
1105	742a	R1446	Rider, William	The Twins
5159.01	743a	n/a	Aristophanes	The Clouds
1153	786a†	T225	Tatham, John	London's Triumph, Presented by Industry and Honor (London's Triumph for John Ireton)
1106	744a	B892	B., R.	Mirza
1107	745ai	B3554	S., J.	Filli di Sciro, or Phillis of Scyros
1107	745ai	B3554	Bonarelli, Guidobaldo de'	Filli di Sciro, or Phillis of Scyros
1109	746a	S5983	Strode, William	The Floating Island (Passions Calmed) (Prudentius)
1109	746a	S5983	Lawes, Henry	The Floating Island (Passions Calmed) (Prudentius)
1110	747ai	S3469	Shirley, James	The Gentleman of Venice
1111	747aii	S3468	Shirley, James	The Gentleman of Venice
1113	749a	D370	Davenport, Robert	King John and Matilda
1114	752ai	S3483	Shirley, James	The Politician
1115	752aii	S3482	Shirley, James	The Politician
1116	753a	C6316	Lower, William	Polyeuctes, or The Martyr
1117	761a	G1005	G., T.	The Careless Shepherdess
1123	765a	C6313	Lower, William	Horatius
1124	766a	M1048	Middleton, Thomas	The Old Law, or A New Way to Please You
1124	766a	M1048	Rowley, William	The Old Law, or A New Way to Please You
1125	767ai*	F1467	Dekker, Thomas	The Sun's Darling
1125	767ai*	F1467	Ford, John	The Sun's Darling
1130	767aii	F1468	Dekker, Thomas	The Sun's Darling
1130	767aii	F1468	Ford, John	The Sun's Darling
1131	767aiii	F1468	Dekker, Thomas	The Sun's Darling
1131	767aiii	F1468	Ford, John	The Sun's Darling
5166		H2437	Basilius Musophilus	Don Zara Del Fogo
5168		H2443	Holland, Samuel	Romancio-Mastrix, or A Romance on Romances
1132	770a	D323	D., W.	The First Day's Entertainment at Rutland House
1133	771a	C4896	Cokayne, Aston	The Obstinate Lady
1134	772ai	B4882	Brome, Richard	The Queen's Exchange (The Royal Exchange)
1135	773ai*	J1071	Jordan, Thomas	The Walks of Islington and Hogsdon (Tricks of Youth)
1136	773ai†	J1071	Jordan, Thomas	The Walks of Islington and Hogsdon (Tricks of Youth)
1141	776ai*	J1031	Jordan, Thomas	Fancy's Festivals
5006.03	62a	n/a	Gascoigne, George	The Masque for Lord Montacute (The Montague Masque)
1147	778a	M1985	Middleton, Thomas	No Wit, No Help Like a Woman's
1137	773aii	not in Wing	Jordan, Thomas	The Walks of Islington and Hogsdon (Tricks of Youth)
1139	774aii	G585	D'Ouvilly, George Gerbier	The False Favorite Disgraced, or The Reward of Loyalty
1140	775a	T226	Tatham, John	London's Triumphs for Richard Chiverton
1142	776ai†	J1031	Jordan, Thomas	Fancy's Festivals
1143	776aii	J1032	Jordan, Thomas	Fancy's Festivals
1146	777aiii	not in Wing	Marlowe, Christopher	Lust's Dominion, or The Lascivious Queen
1148	780a	C579	Carlell, Lodowick	Osmond the Great Turk, or The Noble Servant
1149	783a	W2264	W., L.	Orgula, or The Fatal Error
1150	784a	M1412	May, Thomas	The Old Couple
1151	785a	R2097	Dekker, Thomas	The Witch of Edmonton
1151	785a	R2097	Rowley, William	The Witch of Edmonton
1151	785a	R2097	Ford, John	The Witch of Edmonton
1152	786a*	T225	Tatham, John	London's Triumph, Presented by Industry and Honor (London's Triumph for John Ireton)
1155	788a*1 788a*2	M1046	Massinger, Philip	The City Madam
1160	788a†1	M1047	Massinger, Philip	The City Madam
1161	790ai	L3314	Lower, William	The Enchanted Lovers
1163	791a	M1822	Meriton, Thomas	Love and War
1172	800a	T223	Tatham, John	London's Triumph for Thomas Allen
1173	801a	D464	Day, John	1 The Blind Beggar of Bednal Green (1 Tom Strowd)
1175	803a	F1230A	Flecknoe, Richard	The Marriage of Oceanus and Britannia
1176	804ai	Q218	Lower, William	The Noble Ingratitude
1177	805a	A3686	Aristophanes	The World's Idol, Plutus
1177	805a	A3686	B., H. H.	The World's Idol, Plutus
1178	810a	B4881	Brome, Richard	The Queen and Concubine
1179	812a	T172	Tasso, Torquato	Aminta
1179	812a	T172	Dancer, John	Aminta
1180	813a	S3459	S., J.	Andromana, or The Merchant's Wife
1181	814ai	Q215	Lower, William	The Amorous Fantasm
1183	L1a	22929	Watson, Thomas	Antigone
1186	L5a	12551	Gwinne, Matthew	Nero
1188	L5b	12552	Gwinne, Matthew	Nero
1189	L5b	12553	Gwinne, Matthew	Nero
1196	L8c	R2213	Ruggle, George	Ignoramus
1197	L8d	R2214	Ruggle, George	Ignoramus
1199	L10a	23374	Stubbe, Edmund	Fraus Honesta (Callidamus et Callanthia)
1201	L11b	250	Alabastro, Gulielmo	Roxana
1202	L12a	12936	Hausted, Peter	Senile Odium
1206	L15a	5905	Cowley, Abraham	Naufragium Joculare
1207	L16a	20691	R., T.	Cornelianum Dolium
1212	L23a	F1343	Anglo-Britanno, F.	La Fida Pastora
5000		17778	Medwall, Henry	1 & 2 Fulgens and Lucrece
5009.02	60c	n/a	Ariosto, Ludovico	Supposes
5002		17779	Medwall, Henry	1 & 2 Nature
5007.02	60b	n/a	Ariosto, Ludovico	Supposes
5006.01	60a	n/a	Ariosto, Ludovico	Supposes
5005		18677	Norton, Thomas	All Such Treatises
5006		11635	Euripides	A Hundred Sundry Flowers
5006		11635	Ovid	A Hundred Sundry Flowers
5006		11635	Petrarch	A Hundred Sundry Flowers
5006		11635	Ariosto, Ludovico	A Hundred Sundry Flowers
5006.01	60a	n/a	Gascoigne, George	Supposes
5006.02	61a	n/a	Gascoigne, George	Jocasta
5006.02	61a	n/a	Euripides	Jocasta
5006.02	61a	n/a	Kinwelmershe, Francis	Jocasta
5007		11636	Gascoigne, George	The Posies
5007.02	60b	n/a	Gascoigne, George	Supposes
5007.03	61b	n/a	Gascoigne, George	Jocasta
5007.03	61b	n/a	Euripides	Jocasta
5007.03	61b	n/a	Kinwelmershe, Francis	Jocasta
5008		11637	Gascoigne, George	The Posies
5014		25347	Whetstone, George	1 & 2 Promos and Cassandra
5015.09	45b	n/a	Seneca	Octavia
5014.02	74a	n/a	Whetstone, George	2 Promos and Cassandra
5015		22221	Seneca	Ten Tragedies
5015.06	28d	n/a	Heywood, Jasper	Troas
5015.06	28d	n/a	Seneca	Troas
5015.02	29b	n/a	Heywood, Jasper	Thyestes
5015.02	29b	n/a	Seneca	Thyestes
5015.05	36b	n/a	Seneca	Oedipus
5015.05	36b	n/a	Neville, Alexander	Oedipus
5015.09	45b	n/a	N., T.	Octavia
5015.03	79a	n/a	Seneca	Thebais
5015.03	79a	n/a	Newton, Thomas	Thebais
5015.08	42b	n/a	Seneca	Agamemnon
5015.08	42b	n/a	Studley, John	Agamemnon
5015.07	44b	n/a	Seneca	Medea
5015.07	44b	n/a	Studley, John	Medea
5015.04	80a	n/a	Seneca	Hippolytus
5015.04	80a	n/a	Studley, John	Hippolytus
5015.10	81a	n/a	Seneca	Hercules Oetaeus
5015.10	81a	n/a	S., J.	Hercules Oetaeus
5009.03	61c	n/a	Gascoigne, George	Jocasta
5009.03	61c	n/a	Euripides	Jocasta
5009.03	61c	n/a	Kinwelmershe, Francis	Jocasta
5009.02	60c	n/a	Gascoigne, George	Supposes
5010		11639	Gascoigne, George	The Pleasantest Works
5027		6243.4	Daniel, Samuel	Delia and Rosamond Augmented; Cleopatra
5028		6243.5	Daniel, Samuel	Delia and Rosamond Augmented; Cleopatra
5030		22541	Sidney, Philip	The Countess of Pembroke's Arcadia
5047		6261	Daniel, Samuel	The Poetical Essays
5047.01	132d	n/a	Daniel, Samuel	Cleopatra
5031		22542	Sidney, Philip	The Countess of Pembroke's Arcadia
5016.01	39c	n/a	Norton, Thomas	Ferrex and Porrex (Gorboduc)
5054		6236	Daniel, Samuel	The Works
5055		6237	Daniel, Samuel	The Works
5056		15681	Lindsay, David	1 & 2 A Satire of the Three Estates
5057		15681.5	Lindsay, David	1 & 2 A Satire of the Three Estates
1157	788a*1 788a§2	M1046	Massinger, Philip	The City Madam
759	436a †1 436a †2	17640.5	Massinger, Philip	The Picture
5060		343	Alexander, William	The Monarchic Tragedies
5060.02	196b	n/a	Alexander, William	Darius
5059		14756	Jonson, Ben	King James his Royal and Magnificent Entertainment through his Honorable
City of London
1159	788a*1 788a‡2	M1046	Massinger, Philip	The City Madam
1158	788a*1 788a||2	M1046	Massinger, Philip	The City Madam
5058		15682	Lindsay, David	1 & 2 A Satire of the Three Estates
5063		6239	Daniel, Samuel	Certain Small Poems
5063.02	223a	n/a	Daniel, Samuel	Philotas
5032		22543	Sidney, Philip	The Countess of Pembroke's Arcadia
5033		22543a	Sidney, Philip	The Countess of Pembroke's Arcadia
5061		344	Alexander, William	The Monarchic Tragedies
5061.01	260ai	n/a	Alexander, William	The Alexandraean Tragedy
5061.02	260aii	n/a	Alexander, William	The Alexandraean Tragedy
5061.03	261a	n/a	Alexander, William	Julius Caesar
5067.01	223b	n/a	Daniel, Samuel	Philotas
5064		6240	Daniel, Samuel	Certain Small Works
5072.02	312a	n/a	Middleton, Thomas	The Entertainment on Michaelmas Day 1613 (The Running Stream Entertainment) (The New River Entertainment)
5064.01	223c	n/a	Daniel, Samuel	Philotas
5069		4968	Chapman, George	The Conspiracy and Tragedy of Charles Duke of Byron
5069.02	275a	n/a	Chapman, George	The Tragedy of Charles Duke of Byron
5068		14761	Jonson, Ben	The Characters of Two Royal Masques
5068.03	271a	n/a	Jonson, Ben	The Masque at Lord Haddington's Marriage (The Hue and Cry after Cupid)
5022		14646	Shakespeare, William	1 & 2 The Troublesome Reign of King John
5065		6242	Daniel, Samuel	Certain Small Works
5073		4545	Campion, Thomas	A Relation of the Late Royal Entertainment
5149		F1466A	Ford, John	Comedies, Tragicomedies, and Tragedies
852	504c	13354	Heywood, Thomas	Love's Mistress, or The Queen's Masque (Cupid and Psyche, or Cupid's Mistress)
5065.01	223di	n/a	Daniel, Samuel	Philotas
5065.02	223dii	n/a	Daniel, Samuel	Philotas
5066		6243	Daniel, Samuel	Certain Small Works
5072		17904	Middleton, Thomas	The Triumphs of Truth; The Entertainment on Michaelmas Day 1613
5034		22544	Sidney, Philip	The Countess of Pembroke's Arcadia
5035		22544a	Sidney, Philip	The Countess of Pembroke's Arcadia
5062		345	Alexander, William	The Monarchic Tragedies
5062.02	196c	n/a	Alexander, William	Darius
5062.03	260b	n/a	Alexander, William	The Alexandraean Tragedy
5062.04	261b	n/a	Alexander, William	Julius Caesar
5074		14751	Jonson, Ben	The Works
5074.02	163d*	n/a	J., B.	Every Man Out of His Humor
5074.03	163d†	n/a	J., B.	Every Man Out of His Humor
5074.04	163d§	n/a	J., B.	Every Man Out of His Humor
5074.05	163d‡	n/a	J., B.	Every Man Out of His Humor
5074.01	176b	n/a	J., B.	Every Man in His Humor
5074.06	181b*	n/a	J., B.	Cynthia's Revels, or The Fountain of Self-Love
5074.07	181b†	n/a	J., B.	Cynthia's Revels, or The Fountain of Self-Love
5074.08	186b*	n/a	J., B.	Poetaster, or The Arraignment
5074.09	186b+	n/a	J., B.	Poetaster, or The Arraignment
5074.10	186b§	n/a	J., B.	Poetaster, or The Arraignment
5074.17	200b	n/a	J., B.	The Coronation Triumph (The Entertainment through London)
5074.18	201b	n/a	J., B.	The Entertainment of the Queen and Prince at Althorp (The Satyr)
5074.11	216b	n/a	J., B.	Sejanus His Fall
5074.12	259b	n/a	J., B.	Volpone, or The Fox
5074.16	296b	n/a	J., B.	Catiline His Conspiracy
5074.15	303b	n/a	J., B.	The Alchemist
5074.13	304b*	n/a	J., B.	Epicene, or The Silent Woman
5074.14	304b†	n/a	J., B.	Epicene, or The Silent Woman
5075		14752	Jonson, Ben	The Works
5077		26101	Shakespeare, William	The Whole Contention Between the Two Famous Houses, Lancaster and York
1145	777aii	L3504A	Marlowe, Christopher	Lust's Dominion, or The Lascivious Queen
363	204b	6501.5	Dekker, Thomas	1 The Honest Whore (1 The Converted Courtesan)
5077.03	284d	n/a	Shakespeare, William	Pericles, Prince of Tyre
5078		17886	Middleton, Thomas	Honorable Entertainments
5036		22545	Alexander, William	The Countess of Pembroke's Arcadia
5036		22545	Sidney, Philip	The Countess of Pembroke's Arcadia
5023		14647	Shakespeare, William	1 & 2 The Troublesome Reign of King John
5071.01	291a	n/a	Daniel, Samuel	Tethys' Festival, or The Queen's Wake
5023.02	102c	n/a	Shakespeare, William	2 The Troublesome Reign of King John
5177		M1480	M., J.	Two Plays
5037		22545.5	Sidney, Philip	The Countess of Pembroke's Arcadia
5178		M1480	M., J.	Two Plays
5038		22545.7	Sidney, Philip	The Countess of Pembroke's Arcadia
5045		22550	B., R.	The Countess of Pembroke's Arcadia
5039		22546	Sidney, Philip	The Countess of Pembroke's Arcadia
5079		6238	Daniel, Samuel	The Whole Works
5079.04	207c	n/a	Daniel, Samuel	The Vision of the Twelve Goddesses (The Masque at Hampton Court)
5079.01	223e	n/a	Daniel, Samuel	Philotas
5079.03	227d	n/a	Daniel, Samuel	The Queen's Arcadia (Arcadia Reformed)
5079.02	325b	n/a	Daniel, Samuel	Hymen's Triumph
5081		22273	Shakespeare, William	Comedies, Histories, and Tragedies
5090		23897	Terence	The Two First Comedies
5090		23897	Newman, Thomas	The Two First Comedies
5115		R241	Randolph, Thomas	Poems with the Muses' Looking Glass; and Amyntas
5040		22546a	Sidney, Philip	The Countess of Pembroke's Arcadia
5070		4969	Chapman, George	The Conspiracy and Tragedy of Charles Duke of Byron
5099		17089	Lyly, John	Six Court Comedies
5070.02	275b	n/a	Chapman, George	The Tragedy of Charles Duke of Byron
5041		22547	Alexander, William	The Countess of Pembroke's Arcadia
5041		22547	Sidney, Philip	The Countess of Pembroke's Arcadia
5042		22548	B., R.	The Countess of Pembroke's Arcadia
5042		22548	Sidney, Philip	The Countess of Pembroke's Arcadia
5042		22548	A., W.	The Countess of Pembroke's Arcadia
5043		22548a	B., R.	The Countess of Pembroke's Arcadia
5043		22548a	Sidney, Philip	The Countess of Pembroke's Arcadia
5043		22548a	A., W.	The Countess of Pembroke's Arcadia
5097.01	455a*	n/a	Jonson, Ben	Bartholomew Fair
5097.02	455a†	n/a	Jonson, Ben	Bartholomew Fair
5097.04	456a	n/a	Jonson, Ben	The Staple of News
5097.03	457a	n/a	Jonson, Ben	The Devil Is an Ass
5098		17088	Lyly, John	Six Court Comedies
5172		S3490	Shirley, James	Two Plays
5082		22274	Shakespeare, William	Comedies, Histories, and Tragedies
5100		11993	Gomersall, Robert	Poems
5101		12361	Greville, Fulke	Certain Learned and Elegant Works
5083		22274a	Shakespeare, William	Comedies, Histories, and Tragedies
5084		22274b	Shakespeare, William	Comedies, Histories, and Tragedies
5102.02	185bi	n/a	M., J.	Antonio's Revenge (2 Antonio and Mellida)
5129		C565	Lawes, Henry	Poems, with a Masque
5085		22274c	Shakespeare, William	Comedies, Histories, and Tragedies
5086		22274d	Shakespeare, William	Comedies, Histories, and Tragedies
5087		22274e	Shakespeare, William	Comedies, Histories, and Tragedies
5088		22274e.3	Shakespeare, William	Comedies, Histories, and Tragedies
5089		22274e.5	Shakespeare, William	Comedies, Histories, and Tragedies
5100.01	418b	n/a	Gomersall, Robert	Lodovick Sforza
448	236a†1 236a†2	4984	Chapman, George	Monsieur D'Olive
5102.11	214bi	n/a	Marston, John	The Dutch Courtesan (Cockle de Moye)
5102.09	230ci	n/a	Marston, John	Parasitaster, or The Fawn
5102.04	231bi	n/a	Marston, John	The Wonder of Women, or Sophonisba
5102.06	252bi*	n/a	Marston, John	What You Will
5102.07	252bi†	n/a	Marston, John	What You Will
5044		22549	B., R.	The Countess of Pembroke's Arcadia
5044		22549	Sidney, Philip	The Countess of Pembroke's Arcadia
5044		22549	A., W.	The Countess of Pembroke's Arcadia
5104		291	Aleman, Mateo	The Rogue
5106		347	Alexander, William	Recreations with the Muses
5105		13358	Heywood, Thomas	Pleasant Dialogues and Dramas
5105		13358	Beza, Theodore	Pleasant Dialogues and Dramas
5105		13358	Ovid	Pleasant Dialogues and Dramas
5105		13358	Lucian	Pleasant Dialogues and Dramas
5105		13358	Catsius, Jacobus	Pleasant Dialogues and Dramas
5105		13358	Erasmus, Desiderius	Pleasant Dialogues and Dramas
5105		13358	Textor, Ravisius	Pleasant Dialogues and Dramas
5105		13358	Buchanan, George	Pleasant Dialogues and Dramas
5128		C565A	Lawes, Henry	Poems, with a Masque
5122		13798	Jonson, Ben	Q. Horatius Flaccus His Art of Poetry
5111		20694	Randolph, Thomas	Poems with the Muses' Looking Glass; and Amyntas
5107		18343	Nabbes, Thomas	The Spring's Glory, with Other Poems, Epigrams, Elegies, and Epithalamiums
5125.01	457bi	n/a	Jonson, Ben	The Devil Is an Ass
982	595a†	21542	S., J.	Masquerade du Ciel
5111.01	547a	n/a	R., T.	The Muses' Looking Glass
5111.02	548a	n/a	Randolph, Thomas	Amyntas, or The Impossible Dowry
5045		22550	Sidney, Philip	The Countess of Pembroke's Arcadia
5045		22550	A., W.	The Countess of Pembroke's Arcadia
5045		22550	Johnstoun, James	The Countess of Pembroke's Arcadia
5109		18343a	Nabbes, Thomas	The Spring's Glory, with Other Poems, Epigrams, Elegies, and Epithalamiums
916	554ai	17718a	M., T.	Julia Agrippina, Empress of Rome
914	553aii	M1416	May, Thomas	Cleopatra, Queen of Egypt
5110		18343a	Nabbes, Thomas	The Spring's Glory, with Other Poems, Epigrams, Elegies, and Epithalamiums
5108		18343	Nabbes, Thomas	The Spring's Glory, with Other Poems, Epigrams, Elegies, and Epithalamiums
5118.01	513a	n/a	Nabbes, Thomas	Hannibal and Scipio
5118.02	514a	n/a	Nabbes, Thomas	Microcosmus
5118.03	540ai	n/a	Nabbes, Thomas	Tottenham Court
5118.04	540aii† 540aii	n/a	Nabbes, Thomas	Tottenham Court
5118.05	542ai	n/a	Nabbes, Thomas	Covent Garden
5118.06	542aii† 542aii	n/a	Nabbes, Thomas	Covent Garden
5118.09	576a	n/a	Nabbes, Thomas	The Bride
5118.10	581a	n/a	Nabbes, Thomas	The Unfortunate Mother
5126		4620	Carew, Thomas	Poems
5126.01	496b	n/a	Jones, Inigo	Coelum Britannicum
5126.01	496b	n/a	Carew, Thomas	Coelum Britannicum
5124		14754	Jonson, Ben	The Works. Second [and Third] Volume.
5124.18	615a	n/a	Jonson, Ben	Mortimer His Fall
5124.19	616a	n/a	Jonson, Ben	The Magnetic Lady, or Humors Reconciled
5124.20	617a	n/a	Jonson, Ben	A Tale of a Tub
5124.21	618a	n/a	Jonson, Ben	The Sad Shepherd, or A Tale of Robin Hood
5124.14	437b	n/a	Jonson, Ben	Love's Triumph Through Callipolis
5124.14	437b	n/a	Jones, Inigo	Love's Triumph Through Callipolis
5124.15	452b	n/a	Jonson, Ben	Chloridia: Rites to Chloris and Her Nymphs
5124.15	452b	n/a	Jones, Inigo	Chloridia: Rites to Chloris and Her Nymphs
5124.11	611a	n/a	Jonson, Ben	Pan's Anniversary, or The Shepherds' Holiday
5124.11	611a	n/a	Jones, Inigo	Pan's Anniversary, or The Shepherds' Holiday
5125		14754a	Jonson, Ben	The Works. Second [and Third] Volume.
5076		14753	Jonson, Ben	The Works
5076.02	163e	n/a	J., B.	Every Man Out of His Humor
5076.01	176c	n/a	J., B.	Every Man in His Humor
5076.03	181c	n/a	J., B.	Cynthia's Revels, or The Fountain of Self-Love
5076.04	186c	n/a	J., B.	Poetaster, or The Arraignment
5076.10	200c	n/a	J., B.	The Coronation Triumph (The Entertainment through London)
5076.11	201c	n/a	J., B.	The Entertainment of the Queen and Prince at Althorp (The Satyr)
5076.05	216c	n/a	J., B.	Sejanus His Fall
5076.06	259c	n/a	J., B.	Volpone, or The Fox
5076.09	296e	n/a	J., B.	Catiline His Conspiracy
5076.08	303c	n/a	J., B.	The Alchemist
5076.07	304d	n/a	J., B.	Epicene, or The Silent Woman
5120		13798	Jonson, Ben	Q. Horatius Flaccus His Art of Poetry
5123		13798	Jonson, Ben	Q. Horatius Flaccus His Art of Poetry
5120		13798	Horace	Q. Horatius Flaccus His Art of Poetry
5120.01	585ai	n/a	Jonson, Ben	The Gypsies Metamorphosed
5133		M2160	Milton, John	Poems
5134		S3481	Shirley, James	Poems &c.
5134.01	627a	n/a	Shirley, James	The Triumph of Beauty
5121		13798	Jonson, Ben	Q. Horatius Flaccus His Art of Poetry
1126	767ai†	F1467	Dekker, Thomas	The Sun's Darling
5121		13798	Horace	Q. Horatius Flaccus His Art of Poetry
5120.02	585aii	n/a	Jonson, Ben	The Gypsies Metamorphosed
1156	788a*1 788a†2	M1046	Massinger, Philip	The City Madam
1108	745aii	B3554	Bonarelli, Guidobaldo de'	Filli di Sciro, or Phillis of Scyros
1108	745aii	B3554	S., J.	Filli di Sciro, or Phillis of Scyros
5112		20695	Randolph, Thomas	Poems with the Muses' Looking Glass; and Amyntas
5112.01	547b	n/a	R., T.	The Muses' Looking Glass
5112.02	548b	n/a	R., T.	Amyntas, or The Impossible Dowry
5113		20695.5	Randolph, Thomas	Poems with the Muses' Looking Glass; and Amyntas
5130		23704	Tatham, John	The Fancies Theater (The Mirror of Fancies)
5130.01	600ai	n/a	Tatham, John	Love Crowns the End
5132		K452	Killigrew, Thomas	The Prisoners and Claracilla
5132.01	619a	n/a	Killigrew, Thomas	The Prisoners
5132.02	620a	n/a	Killigrew, Thomas	Claracilla (Claricilla)
5127		C564	Carew, Thomas	Poems
5127.01	496c	n/a	Jones, Inigo	Coelum Britannicum
5127.01	496c	n/a	Carew, Thomas	Coelum Britannicum
5114		R241	Randolph, Thomas	Poems with the Muses' Looking Glass; and Amyntas
5114.04	469d	n/a	Randolph, Thomas	The Jealous Lovers
5114.01	547c	n/a	R., T.	The Muses' Looking Glass
5114.02	548c	n/a	R., T.	Amyntas, or The Impossible Dowry
5114.03	469c	n/a	Randolph, Thomas	The Jealous Lovers
5135		S6126	Suckling, John	Fragmenta Aurea
5135.01	541b*	n/a	Suckling, John	Aglaura
5135.02	541b†	n/a	Suckling, John	Aglaura
5135.04	621b	n/a	Suckling, John	Brennoralt, or The Discontented Colonel
5135.03	628a	n/a	Suckling, John	The Goblins
5136		S6126A	Suckling, John	Fragmenta Aurea
5137		S6126B	Suckling, John	Fragmenta Aurea
5141		B889	Baron, Robert	Erotopaignion, or The Cyprian Academy
5144.04	L22a	n/a	Vincent, Thomas	Paria
447	236a†1 236a†*2	4984	Chapman, George	Monsieur D'Olive
5143		B1581	Fletcher, John	Comedies and Tragedies
5143		B1581	Beaumont, Francis	Comedies and Tragedies
5143.34	309b	n/a	Beaumont, Francis	The Masque of the Inner Temple and Gray's Inn
5138.02	628b	n/a	Suckling, John	The Goblins
5160		S5238	Stanley, Thomas	The History of Philosophy
5159		S5237	Stanley, Thomas	The History of Philosophy
5138		S6127	Suckling, John	Fragmenta Aurea
5138.01	541c	n/a	Suckling, John	Aglaura
5142		B890	Baron, Robert	Erotopaignion, or The Cyprian Academy
5138.03	621c	n/a	Suckling, John	Brennoralt, or The Discontented Colonel
5128		C565A	Carew, Thomas	Poems, with a Masque
5128.01	496d	n/a	Jones, Inigo	Coelum Britannicum
5128.01	496d	n/a	Carew, Thomas	Coelum Britannicum
5129		C565	Carew, Thomas	Poems, with a Masque
5146		C709	Lawes, Henry	Comedies, Tragicomedies, With other Poems
5146		C709	Cartwright, William	Comedies, Tragicomedies, With other Poems
5146.02	570c	n/a	Cartwright, William	The Royal Slave
5146.01	701a	n/a	Cartwright, William	The Lady Errant
5146.03	702a	n/a	Cartwright, William	The Ordinary, or The City Cozener
5165.02	759a	n/a	Massinger, Philip	The Guardian
5165.03	760a	n/a	Massinger, Philip	A Very Woman, or The Prince of Tarent
5046		S3768	Sidney, Philip	The Countess of Pembroke's Arcadia
5146.04	703a*	n/a	Cartwright, William	The Siege, or Love's Convert
5146.05	703a†	n/a	Cartwright, William	The Siege, or Love's Convert
5147		C1940A	Chapman, George	Comedies, Tragicomedies, and Tragedies
5147.01	146a	n/a	Chapman, George	The Blind Beggar of Alexandria (Irus)
5147.02	159a*	n/a	C., G.	An Humorous Day's Mirth (The Comedy of Humors)
5147.03	219a	n/a	Chapman, George	All Fools
5147.05	226a	n/a	Chapman, George	The Gentleman Usher (Vincentio and Margaret)
5147.04	236a*1 236a†2	n/a	Chapman, George	Monsieur D'Olive
5148		M816	Marston, John	Comedies, Tragicomedies, and Tragedies
5148.06	184a	n/a	M., J.	Antonio and Mellida
5148.07	185a	n/a	M., J.	Antonio's Revenge (2 Antonio and Mellida)
5148.01	203a	n/a	Marston, John	The Malcontent
5148.03	214a	n/a	Marston, John	The Dutch Courtesan (Cockle de Moye)
5148.05	230a	n/a	Marston, John	Parasitaster, or The Fawn
5148.04	231ai	n/a	Marston, John	The Wonder of Women, or Sophonisba
5148.02	252a	n/a	Marston, John	What You Will
5148.08	315cii	n/a	Barkstead, William	The Insatiate Countess
5116.01	547d	n/a	R., T.	The Muses' Looking Glass
5116.02	548d	n/a	R., T.	Amyntas, or The Impossible Dowry
5116		R242	Randolph, Thomas	Poems with the Muses' Looking Glass; Amyntas; Jealous Lovers; Aristippus
5117		R243	Randolph, Thomas	Poems with the Muses' Looking Glass; Amyntas; Jealous Lovers; Aristippus
5116.05	469e	n/a	Randolph, Thomas	The Jealous Lovers
5150		B1602	Beaumont, Francis	Poems
5150.01	309c	n/a	Beaumont, Francis	The Masque of the Inner Temple and Gray's Inn
5151		B1603	Beaumont, Francis	Poems
5153		B4870	Brome, Richard	Five New Plays
5153.02	719a	n/a	Brome, Richard	The Novella
5153.03	720a	n/a	Brome, Richard	The Court Beggar
5155		S3486	Shirley, James	Six New Plays
5155.01	723a	n/a	Shirley, James	The Brothers (The Politic Father)
5155.02	724a	n/a	Shirley, James	The Sisters
5165		M1050	Massinger, Philip	Three New Plays
5165.01	758a	n/a	Massinger, Philip	The Bashful Lover
5155.03	725a	n/a	Shirley, James	The Doubtful Heir (Rosania, or Love's Victory)
5155.04	726a	n/a	Shirley, James	The Imposture (The Impostor)
5155.05	727a	n/a	Shirley, James	The Cardinal
5155.06	728a	n/a	Shirley, James	The Court Secret
5154		B4871	Brome, Richard	Five New Plays
5158		M1416	May, Thomas	Two Tragedies
5158.01	553aii	n/a	May, Thomas	Cleopatra, Queen of Egypt
5158.02	554aii	n/a	May, Thomas	Julia Agrippina, Empress of Rome
5161		C581	Carlell, Lodowick	1 & 2 The Passionate Lovers
829	488b,a†	22459a.5	Shirley, James	The Triumph of Peace
5140		S6128	Suckling, John	Fragmenta Aurea
5162		C581A	Carlell, Lodowick	1 & 2 The Passionate Lovers
827	488b,a*	22459	Shirley, James	The Triumph of Peace
5183		S6130	Suckling, John	The Last Remains of Sir John Suckling
5163		C6710	Cox, Robert	Actaeon and Diana; with A Pastoral Story of the Nymph Oenone
5164		C6711	Cox, Robert	Actaeon and Diana; with A Pastoral Story of the Nymph Oenone
5169		G1006	Goffe, Thomas	Three Excellent Tragedies
5169.01	447b	n/a	Goffe, Thomas	The Raging Turk, or Bajazet the Second
5169.02	458b	n/a	Goffe, Thomas	The Courageous Turk, or Amurath the First
5169.03	485b	n/a	Goffe, Thomas	Orestes
5170		C582	Carlell, Lodowick	Two New Plays
5170.01	779a	n/a	Carlell, Lodowick	The Fool Would Be a Favorite, or The Discreet Lover
5170.02	780a	n/a	Carlell, Lodowick	Osmond the Great Turk, or The Noble Servant
5171		M1989	Middleton, Thomas	Two New Plays
5171.01	781a	n/a	Middleton, Thomas	More Dissemblers Besides Women
5171.02	782a	n/a	Middleton, Thomas	Women Beware Women
5131		T229	Tatham, John	The Fancies Theater (The Mirror of Fancies)
5131.01	600aii	n/a	Tatham, John	Love Crowns the End
5173		C4898	Cokayne, Aston	Small Poems of Diverse Sorts
5174		C4894	Cokayne, Aston	A Chain of Golden Poems
5173.02	771bi	n/a	Cokayne, Aston	The Obstinate Lady
5173.03	796ai	n/a	Cokayne, Aston	Trappolin Creduto Principe, or Trappolin Supposed a Prince
5176		M1480	M., J.	Two Plays
5179		S3475	Shirley, James	Honoria and Mammon; The Contention of Ajax and Ulysses
5080		6243.8	Daniel, Samuel	Dramatic Poems
5179.02	789a	n/a	Shirley, James	The Contention of Ajax and Ulysses for the Armor of Achilles
5180		S3474	Shirley, James	Honoria and Mammon; The Contention of Ajax and Ulysses
791	461a	17443.5	Marmion, Shackerley	Holland's Leaguer
5011		5232	Churchyard, Thomas	The First Part of Churchyard's Chips
5139		S6128	Suckling, John	Fragmenta Aurea
5139.01	541d	n/a	Suckling, John	Aglaura
5139.03	621d	n/a	Suckling, John	Brennoralt, or The Discontented Colonel
5139.02	628c	n/a	Suckling, John	The Goblins
5140.04	811a	n/a	Suckling, John	The Sad One
5182		B4872	Brome, Richard	Five New Plays
5182.02	806a cancel	n/a	Brome, Richard	The English Moor, or The Mock Marriage
5182.03	807a	n/a	Brome, Richard	The Lovesick Court, or The Ambitious Politic
5182.04	808a	n/a	Brome, Richard	The Weeding of the Covent Garden, or The Middlesex Justice of Peace (The Covent Garden Weeded)
5182.05	809a	n/a	Brome, Richard	The New Academy, or The New Exchange
5175		C4894A	Cokayne, Aston	A Chain of Golden Poems
708	384b cancel	17714a	M., T.	The Heir
5182.06	810a	n/a	Brome, Richard	The Queen and Concubine
5181		S3473	Shirley, James	Honoria and Mammon; The Contention of Ajax and Ulysses
5016.01	39c	n/a	Sackville, Thomas	Ferrex and Porrex (Gorboduc)
5152		B1604	Fletcher, John	Poems
5152		B1604	Beaumont, Francis	Poems
757	436a*1 436a†2	17640	Massinger, Philip	The Picture
971	587a†	3820	Brome, Richard	The Sparagus Garden (Tom Hoydon o' Tanton Deane)
5024		18138	Pembroke, Countess of	A Discourse of Life and Death; Antonius
5024		18138	Garnier, Robert	A Discourse of Life and Death; Antonius
5126.02	496b cancel	n/a	Jones, Inigo	Coelum Britannicum
5126.02	496b cancel	n/a	Carew, Thomas	Coelum Britannicum
5123		13798	Horace	Q. Horatius Flaccus His Art of Poetry
1126	767ai†	F1467	Ford, John	The Sun's Darling
1127	767ai§	F1467	Dekker, Thomas	The Sun's Darling
1127	767ai§	F1467	Ford, John	The Sun's Darling
1128	767ai║	F1467	Dekker, Thomas	The Sun's Darling
1128	767ai║	F1467	Ford, John	The Sun's Darling
1129	767ai‡	F1467	Dekker, Thomas	The Sun's Darling
1129	767ai‡	F1467	Ford, John	The Sun's Darling
1187	L5a	12551	Gwinne, Matthew	Nero
1213	L23aii	F1343	Anglo-Britanno, F.	La Fida Pastora
5176.02	671bi	n/a	M., J.	The Amorous War
5176.04	671bii	n/a	M., J.	The Amorous War
5156		S3486	Shirley, James	Six New Plays
5156.02	752ai	n/a	Shirley, James	The Politician
5156.01	747ai	n/a	Shirley, James	The Gentleman of Venice
776	447a	11981	Goffe, Thomas	The Raging Turk, or Bajazet the Second
