119	Leicester's Men
128	Queen Elizabeth's Men
127	Derby's (Strange's) Men
129	Admiral's (Nottingham's) Men
130	Admiral's (Nottingham's) Men
120	Leicester's Men
103	Unknown
5149.07	Beeston's Boys
5149.06	Queen Henrietta Maria's Men
5149.05	Queen Henrietta Maria's Men
5149.04	Queen Henrietta Maria's Men
5149.03	King's Men
5149.02	Queen Henrietta Maria's Men
5149.01	King's Men
852	Queen Henrietta Maria's Men
264	Unknown
133	Children of Paul's (first)
140	Children of Paul's (first)
141	Children of Paul's (first)
142	Unknown
144	Unknown
143	Unknown
145	Unknown
147	Unknown
148	Unknown
149	Unknown
150	Derby's (Strange's) Men
151	Derby's (Strange's) Men
152	Derby's (Strange's) Men
153	Derby's (Strange's) Men
154	Derby's (Strange's) Men
155	Derby's (Strange's) Men
156	Derby's (Strange's) Men
157	Derby's (Strange's) Men
158	Derby's (Strange's) Men
159	Derby's (Strange's) Men
160	Derby's (Strange's) Men
161	Derby's (Strange's) Men
162	Unknown
163	Unknown
164	Derby's (Strange's) Men
165	Derby's (Strange's) Men
166	Unknown
167	Unknown
111	Children of the Chapel (first)
111	Children of Paul's (first)
112	Children of the Chapel (first)
112	Children of Paul's (first)
113	Children of the Chapel (first)
113	Children of Paul's (first)
114	Children of the Chapel (first)
115	Children of the Chapel (first)
115	Children of Paul's (first)
116	Children of the Chapel (first)
116	Children of Paul's (first)
117	Children of the Chapel (first)
117	Children of Paul's (first)
118	Children of the Chapel (first)
118	Children of Paul's (first)
168	Derby's (Strange's) Men
171	Unknown
172	Unknown
173	Unknown
174	Derby's (Strange's) Men
175	Derby's (Strange's) Men
176	Derby's (Strange's) Men
177	Derby's (Strange's) Men
178	Derby's (Strange's) Men
179	Pembroke's Men
180	Pembroke's Men
181	Unknown
182	Unknown
183	Unknown
184	Unknown
185	Queen Elizabeth's Men
186	Queen Elizabeth's Men
187	Queen Elizabeth's Men
188	Admiral's (Nottingham's) Men
189	Unknown
190	Unknown
191	Unknown
192	Children of Paul's (first)
193	Children of Paul's (first)
194	Queen Elizabeth's Men
195	Admiral's (Nottingham's) Men
196	Children of the Chapel (first)
197	Pembroke's Men
198	Pembroke's Men
199	Pembroke's Men
200	Pembroke's Men
201	Pembroke's Men
202	Pembroke's Men
203	Queen Elizabeth's Men
204	Queen Elizabeth's Men
205	Children of the Chapel (first)
207	Derby's (Strange's) Men
208	Unknown
210	Unknown
211	Queen Elizabeth's Men
212	Pembroke's Men
213	Pembroke's Men
214	Admiral's (Nottingham's) Men
215	Admiral's (Nottingham's) Men
216	Admiral's (Nottingham's) Men
217	Lord Chamberlain's (Hunsdon's) Men
218	Lord Chamberlain's (Hunsdon's) Men
219	Lord Chamberlain's (Hunsdon's) Men
220	Lord Chamberlain's (Hunsdon's) Men
221	Lord Chamberlain's (Hunsdon's) Men
222	Lord Chamberlain's (Hunsdon's) Men
223	Lord Chamberlain's (Hunsdon's) Men
224	Lord Chamberlain's (Hunsdon's) Men
225	Unknown
226	Unknown
227	Unknown
228	Unknown
229	Unknown
230	Unknown
231	Unknown
232	Unknown
233	Lord Chamberlain's (Hunsdon's) Men
234	Lord Chamberlain's (Hunsdon's) Men
235	Lord Chamberlain's (Hunsdon's) Men
236	Lord Chamberlain's (Hunsdon's) Men
237	Lord Chamberlain's (Hunsdon's) Men
238	Lord Chamberlain's (Hunsdon's) Men
239	Unknown
240	Lord Chamberlain's (Hunsdon's) Men
241	Lord Chamberlain's (Hunsdon's) Men
242	Lord Chamberlain's (Hunsdon's) Men
243	Lord Chamberlain's (Hunsdon's) Men
244	Lord Chamberlain's (Hunsdon's) Men
245	Lord Chamberlain's (Hunsdon's) Men
246	Lord Chamberlain's (Hunsdon's) Men
247	Lord Chamberlain's (Hunsdon's) Men
248	Lord Chamberlain's (Hunsdon's) Men
249	Admiral's (Nottingham's) Men
252	Queen Elizabeth's Men
253	Queen Elizabeth's Men
254	Queen Elizabeth's Men
255	Unknown
256	Lord Chamberlain's (Hunsdon's) Men
257	Lord Chamberlain's (Hunsdon's) Men
258	Unknown
259	Unknown
260	Unknown
261	Unknown
262	Unknown
263	Unknown
265	Unknown
266	Unknown
267	Unknown
268	Unknown
269	Unknown
270	Unknown
271	Unknown
272	Unknown
273	Unknown
274	Lord Chamberlain's (Hunsdon's) Men
275	Unknown
276	Unknown
277	Sussex's Men
278	Admiral's (Nottingham's) Men
279	Admiral's (Nottingham's) Men
280	Unknown
281	Admiral's (Nottingham's) Men
282	Admiral's (Nottingham's) Men
283	Admiral's (Nottingham's) Men
284	Lord Chamberlain's (Hunsdon's) Men
285	Lord Chamberlain's (Hunsdon's) Men
286	Lord Chamberlain's (Hunsdon's) Men
287	Children of Paul's (second)
288	Lord Chamberlain's (Hunsdon's) Men
289	Lord Chamberlain's (Hunsdon's) Men
290	Lord Chamberlain's (Hunsdon's) Men
291	Admiral's (Nottingham's) Men
292	Admiral's (Nottingham's) Men
293	Lord Chamberlain's (Hunsdon's) Men
294	Lord Chamberlain's (Hunsdon's) Men
295	Lord Chamberlain's (Hunsdon's) Men
296	Children of Paul's (second)
297	Lord Chamberlain's (Hunsdon's) Men
298	Lord Chamberlain's (Hunsdon's) Men
301	Lord Chamberlain's (Hunsdon's) Men
302	Lord Chamberlain's (Hunsdon's) Men
303	Lord Chamberlain's (Hunsdon's) Men
304	Lord Chamberlain's (Hunsdon's) Men
306	Admiral's (Nottingham's) Men
307	Admiral's (Nottingham's) Men
308	Admiral's (Nottingham's) Men
309	Admiral's (Nottingham's) Men
310	Admiral's (Nottingham's) Men
311	Admiral's (Nottingham's) Men
312	Admiral's (Nottingham's) Men
313	Lord Chamberlain's (Hunsdon's) Men
314	Children of Paul's (second)
315	Children of Paul's (second)
316	Children of Paul's (second)
89	Children of the Chapel (first)
317	Children of Paul's (first)
318	Admiral's (Nottingham's) Men
319	Admiral's (Nottingham's) Men
320	Children of the Chapel (second)
321	Children of the Chapel (second)
322	Admiral's (Nottingham's) Men
326	Children of Paul's (second)
327	Children of the Chapel (second)
329	Lord Chamberlain's (Hunsdon's) Men
325	Children of Paul's (second)
328	Lord Chamberlain's (Hunsdon's) Men
330	Lord Chamberlain's (Hunsdon's) Men
331	Children of Paul's (second)
332	Lord Chamberlain's (Hunsdon's) Men
333	Lord Chamberlain's (Hunsdon's) Men
300	Oxford's Men
299	Oxford's Men
305	Children of the Chapel (first)
90	Children of the Chapel (first)
334	Children of the Chapel (second)
335	Worcester's Men
336	Worcester's Men
337	Worcester's Men
338	Worcester's Men
339	Worcester's Men
340	Worcester's Men
341	Worcester's Men
342	Lord Chamberlain's (Hunsdon's) Men
369	Admiral's (Nottingham's) Men
370	Admiral's (Nottingham's) Men
371	Admiral's (Nottingham's) Men
347	Lord Chamberlain's (Hunsdon's) Men
348	Lord Chamberlain's (Hunsdon's) Men
349	Lord Chamberlain's (Hunsdon's) Men
350	Lord Chamberlain's (Hunsdon's) Men
351	Lord Chamberlain's (Hunsdon's) Men
352	Lord Chamberlain's (Hunsdon's) Men
353	Admiral's (Nottingham's) Men
359	Children of the Queen's Revels
360	Children of the Queen's Revels
361	Children of the Queen's Revels
362	Prince Henry's Men
363	Prince Henry's Men
364	Prince Henry's Men
365	Prince Henry's Men
367	Prince Henry's Men
366	Prince Henry's Men
368	Prince Henry's Men
372	Admiral's (Nottingham's) Men
373	Admiral's (Nottingham's) Men
374	Admiral's (Nottingham's) Men
375	Admiral's (Nottingham's) Men
376	Admiral's (Nottingham's) Men
377	Admiral's (Nottingham's) Men
383	Derby's (Strange's) Men
384	Derby's (Strange's) Men
385	King's Men
386	Prince Henry's Men
387	Prince Henry's Men
388	Prince Henry's Men
389	Prince Henry's Men
390	Queen Elizabeth's Men
391	Children of the Queen's Revels
392	Queen Anne's Men
393	Queen Anne's Men
394	Queen Anne's Men
395	Queen Anne's Men
396	Queen Anne's Men
397	Queen Anne's Men
398	Queen Anne's Men
399	Queen Anne's Men
400	Queen Anne's Men
401	King's Men
402	Children of the Queen's Revels
403	Children of the Queen's Revels
404	Children of the Queen's Revels
405	Children of the Queen's Revels
407	Children of the Queen's Revels
408	Admiral's (Nottingham's) Men
409	King's Men
410	King's Men
411	Children of the Queen's Revels
412	Queen Anne's Men
413	Queen Anne's Men
414	Queen Anne's Men
415	Queen Anne's Men
416	Queen Anne's Men
419	Unknown
421	Children of the Chapel (second)
422	Children of the Chapel (second)
423	Children of the Chapel (second)
424	Children of the Chapel (second)
425	Queen Anne's Men
426	Children of the Queen's Revels
427	Children of the Queen's Revels
428	Children of the Queen's Revels
429	Children of the Queen's Revels
434	Children of Paul's (second)
435	Children of Paul's (second)
436	Children of Paul's (second)
437	Children of Paul's (second)
438	Children of Paul's (second)
439	Children of Paul's (second)
441	Children of Paul's (second)
442	Children of the Queen's Revels
443	Children of the Queen's Revels
444	Children of the Queen's Revels
445	Children of the Queen's Revels
446	Children of the Queen's Revels
447	Children of the Queen's Revels
448	Children of the Queen's Revels
460	Prince Henry's Men
461	Unknown
462	Unknown
463	Unknown
343	Children of Paul's (second)
344	Children of Paul's (second)
464	Children of Paul's (second)
465	Children of Paul's (second)
466	Children of Paul's (second)
467	Children of Paul's (second)
468	Children of Paul's (second)
469	Children of Paul's (second)
470	Children of Paul's (second)
471	Children of Paul's (second)
472	Children of Paul's (second)
473	Children of Paul's (second)
474	Children of Paul's (second)
475	Children of Paul's (second)
476	Children of Paul's (second)
477	Children of Paul's (second)
478	Children of the King's Revels
479	Children of the King's Revels
480	Children of the King's Revels
481	Children of the King's Revels
482	Queen Anne's Men
484	King's Men
485	King's Men
483	Queen Anne's Men
486	King's Men
487	King's Men
488	Children of Paul's (second)
489	Children of Paul's (second)
490	Children of Paul's (second)
491	King's Men
492	King's Men
493	King's Men
494	King's Men
495	Children of the Queen's Revels
496	Children of the Queen's Revels
497	Children of the Queen's Revels
498	Children of the Queen's Revels
499	Queen Anne's Men
500	Queen Anne's Men
501	Children of Paul's (second)
502	Worcester's Men
503	Worcester's Men
504	King's Men
528	Queen Anne's Men
529	Queen Anne's Men
505	King's Men
506	Children of Paul's (second)
507	Children of Paul's (second)
508	Children of Paul's (second)
509	Admiral's (Nottingham's) Men
511	Lord Chamberlain's (Hunsdon's) Men
512	Lord Chamberlain's (Hunsdon's) Men
513	Lord Chamberlain's (Hunsdon's) Men
514	Lord Chamberlain's (Hunsdon's) Men
515	Lord Chamberlain's (Hunsdon's) Men
516	Lord Chamberlain's (Hunsdon's) Men
517	King's Men
518	King's Men
519	King's Men
520	Children of Paul's (second)
521	Children of the Queen's Revels
522	Children of the King's Revels
523	King's Men
524	King's Men
525	Queen Anne's Men
526	Queen Anne's Men
527	Queen Anne's Men
530	Children of Paul's (second)
531	Children of Paul's (second)
532	Children of the King's Revels
533	Children of the King's Revels
534	Children of the King's Revels
535	Children of the King's Revels
538	Lord Chamberlain's (Hunsdon's) Men
539	Lord Chamberlain's (Hunsdon's) Men
541	Unknown
542	Unknown
543	Unknown
545	Children of the King's Revels
546	King's Men
547	King's Men
548	King's Men
549	King's Men
550	King's Men
551	King's Men
552	Children of the King's Revels
553	Children of the King's Revels
554	Children of the King's Revels
555	Children of the Queen's Revels
556	Children of the Queen's Revels
557	Children of the Queen's Revels
558	Children of the Queen's Revels
561	Children of Paul's (second)
562	Children of the King's Revels
563	Children of the King's Revels
564	Children of the King's Revels
565	King's Men
566	King's Men
567	Queen Anne's Men
570	King's Men
571	King's Men
573	Children of the Chapel (second)
572	King's Men
574	Prince Henry's Men
575	Children of the Queen's Revels
576	Unknown
577	Children of the Queen's Revels
579	King's Men
580	Children of the Queen's Revels
581	Children of the Queen's Revels
582	Queen Anne's Men
583	Queen Anne's Men
584	Queen Anne's Men
585	Children of the Queen's Revels
611	Queen Anne's Men
612	Queen Anne's Men
613	Queen Anne's Men
595	Queen Anne's Men
599	Children of the Queen's Revels
600	Children of the Queen's Revels
601	Children of the Queen's Revels
602	Children of the Queen's Revels
603	Children of the Queen's Revels
604	Children of the Queen's Revels
605	Children of the Queen's Revels
606	Queen Anne's Men
621	Children of the Queen's Revels
620	Children of the Queen's Revels
622	Children of the Queen's Revels
697	Red Bull (Revels) Company (first)
698	Red Bull (Revels) Company (first)
699	Red Bull (Revels) Company (first)
631	Admiral's (Nottingham's) Men
632	Admiral's (Nottingham's) Men
633	Children of the Queen's Revels
634	Children of the Queen's Revels
635	Children of the Queen's Revels
636	Children of the Queen's Revels
637	Children of the Queen's Revels
638	Children of the Queen's Revels
640	Children of the Queen's Revels
639	Children of the Queen's Revels
642	Admiral's (Nottingham's) Men
643	Admiral's (Nottingham's) Men
644	Admiral's (Nottingham's) Men
645	Queen Anne's Men
646	Queen Anne's Men
619	Prince Charles's Men (first)
650	Prince Charles's Men (first)
651	Prince Charles's Men (first)
652	Prince Charles's Men (first)
657	Children of the Queen's Revels
658	Children of the Queen's Revels
659	Children of the Queen's Revels
660	King's Men
661	King's Men
662	King's Men
663	King's Men
664	King's Men
665	King's Men
666	King's Men
667	King's Men
694	King's Men
695	King's Men
696	King's Men
670	King's Men
671	King's Men
672	King's Men
673	King's Men
674	King's Men
676	Queen Anne's Men
677	King's Men
678	King's Men
679	King's Men
680	King's Men
681	King's Men
682	King's Men
683	King's Men
684	King's Men
685	King's Men
686	Red Bull (Revels) Company (first)
691	King's Men
692	King's Men
693	King's Men
687	Prince Charles's Men (first)
688	Prince Charles's Men (first)
700	Red Bull (Revels) Company (first)
703	Red Bull (Revels) Company (first)
704	Red Bull (Revels) Company (first)
706	Red Bull (Revels) Company (first)
707	Red Bull (Revels) Company (first)
710	King's Men
711	King's Men
894	King's Men
902	King's Men
713	Queen Anne's Men
714	King's Men
715	King's Men
716	King's Men
718	Lady Elizabeth's Men
719	Lady Elizabeth's Men
720	Lady Elizabeth's Men
722	Unknown
723	Unknown
725	King's Men
726	King's Men
727	King's Men
728	King's Men
734	King's Men
735	King's Men
738	King's Men
739	King's Men
740	King's Men
741	King's Men
742	Queen Henrietta Maria's Men
743	Queen Henrietta Maria's Men
807	Prince Charles's Men (first)
808	Red Bull (Revels) Company (first)
809	Red Bull (Revels) Company (first)
744	Queen Henrietta Maria's Men
748	King's Men
749	King's Men
750	Queen Henrietta Maria's Men
751	Queen Henrietta Maria's Men
752	Lady Elizabeth's Men
753	Lady Elizabeth's Men
755	Prince Henry's Men
756	King's Men
758	King's Men
761	Admiral's (Nottingham's) Men
767	King's Men
769	Unknown
770	Unknown
771	Unknown
772	Unknown
764	Queen Anne's Men
765	Lady Elizabeth's Men
766	Lady Elizabeth's Men
773	Queen Anne's Men
774	Queen Henrietta Maria's Men
890	Queen Henrietta Maria's Men
893	King's Men
895	King's Men
781	Prince Palatine's Men
786	King's Men
788	King's Men
789	Unknown
790	Prince Charles's Men (second)
792	King's Revels Company
793	King's Men
794	King's Men
797	Queen Anne's Men
798	Queen Anne's Men
799	Queen Anne's Men
805	Red Bull (Revels) Company (first)
806	Red Bull (Revels) Company (first)
811	Queen Henrietta Maria's Men
1075	Unknown
1077	Lady Elizabeth's Men
812	Derby's (Strange's) Men
813	Red Bull (Revels) Company (first)
814	Queen Henrietta Maria's Men
815	Queen Henrietta Maria's Men
816	Queen Henrietta Maria's Men
817	King's Men
818	Prince Charles's Men (second)
821	Queen Henrietta Maria's Men
823	Queen Henrietta Maria's Men
824	Queen Henrietta Maria's Men
832	Unknown
835	King's Men
836	Queen Henrietta Maria's Men
837	King's Men
833	Queen Henrietta Maria's Men
834	Queen Henrietta Maria's Men
842	Queen Henrietta Maria's Men
843	Queen Henrietta Maria's Men
849	Queen Henrietta Maria's Men
866	King's Men
869	Worcester's Men
891	Queen Henrietta Maria's Men
850	Queen Henrietta Maria's Men
851	Queen Henrietta Maria's Men
853	Queen Henrietta Maria's Men
854	King's Men
855	King's Men
856	King's Men
857	Queen Henrietta Maria's Men
858	King's Men
859	Unknown
863	Queen Henrietta Maria's Men
864	Queen Henrietta Maria's Men
865	King's Men
867	King's Men
868	King's Men
870	Queen Henrietta Maria's Men
871	Queen Henrietta Maria's Men
872	Queen Henrietta Maria's Men
873	Unknown
874	Queen Henrietta Maria's Men
876	Queen Henrietta Maria's Men
878	Beeston's Boys
879	Beeston's Boys
882	Queen Anne's Men
883	Queen Henrietta Maria's Men
884	Queen Anne's Men
886	King's Men
887	King's Men
888	King's Men
885	Queen Anne's Men
889	Queen Anne's Men
892	Queen Henrietta Maria's Men
896	Queen Henrietta Maria's Men
896	Ogilby's Men
897	Ogilby's Men
897	Queen Henrietta Maria's Men
899	Unknown
900	Unknown
901	Unknown
903	King's Men
904	King's Men
905	King's Men
906	Queen Henrietta Maria's Men
907	Queen Henrietta Maria's Men
908	Queen Henrietta Maria's Men
909	Unknown
911	Queen Henrietta Maria's Men
912	Lady Elizabeth's Men
913	Unknown
915	Unknown
918	Beeston's Boys
920	Beeston's Boys
921	Beeston's Boys
922	Lady Elizabeth's Men
923	King's Men
928	Unknown
929	Unknown
935	King's Men
930	Queen Henrietta Maria's Men
931	Queen Henrietta Maria's Men
932	Lady Elizabeth's Men
933	King's Men
934	King's Men
936	King's Men
938	Unknown
939	King's Men
940	King's Men
945	Queen Henrietta Maria's Men
946	Queen Henrietta Maria's Men
972	King's Men
973	King's Men
974	Unknown
947	Lady Elizabeth's Men
948	Queen Henrietta Maria's Men
949	Queen Henrietta Maria's Men
950	Queen Henrietta Maria's Men
951	Beeston's Boys
952	Queen Henrietta Maria's Men
953	King's Revels Company
962	Red Bull Company (second)
964	King's Revels Company
966	Queen Henrietta Maria's Men
965	King's Revels Company
969	Queen Henrietta Maria's Men
975	Unknown
970	King's Revels Company
976	Beeston's Boys
977	Beeston's Boys
978	Ogilby's Men
978	Queen Henrietta Maria's Men
979	Ogilby's Men
979	Queen Henrietta Maria's Men
980	Queen Henrietta Maria's Men
983	Unknown
984	Queen Henrietta Maria's Men
985	King's Men
987	Queen Henrietta Maria's Men
1068	Lady Elizabeth's Men
1069	Lady Elizabeth's Men
990	Ogilby's Men
994	King's Men
995	King's Men
996	King's Men
997	King's Men
999	King's Men
1000	King's Men
1003	King's Men
1004	King's Men
1009	King's Men
1013	Unknown
5178.01	Unknown
1015	Unknown
1016	Unknown
1017	Unknown
1032	King's Men
1033	King's Men
1036	King's Men
1048	King's Men
1059	King's Men
1060	King's Men
1062	Beeston's Boys
1073	Queen Henrietta Maria's Men
1074	Queen Henrietta Maria's Men
1076	Unknown
1078	King's Revels Company
1079	Beeston's Boys
1080	King's Men
1081	King's Men
1170	Davenant's Opera Company
1082	Ogilby's Men
1082	King's Men
1083	King's Men
1084	King's Men
1086	King's Men
1087	King's Men
1088	Unknown
1089	Unknown
1090	Unknown
1091	Unknown
1092	Beeston's Boys
1093	Beeston's Boys
1094	Beeston's Boys
1095	Beeston's Boys
1098	Beeston's Boys
1102	Queen Anne's Men
1103	Unknown
1104	Queen Anne's Men
1105	King's Revels Company
1110	Ogilby's Men
1110	Queen Henrietta Maria's Men
1111	Ogilby's Men
1111	Queen Henrietta Maria's Men
1113	Queen Henrietta Maria's Men
1114	Ogilby's Men
1114	Queen Henrietta Maria's Men
1115	Ogilby's Men
1115	Queen Henrietta Maria's Men
1117	Queen Henrietta Maria's Men
1119	Davenant's Opera Company
1120	Davenant's Opera Company
1121	Davenant's Opera Company
1124	Unknown
1125	Lady Elizabeth's Men
1130	Lady Elizabeth's Men
1131	Lady Elizabeth's Men
1132	Davenant's Opera Company
1133	Unknown
1134	King's Men
1144	Admiral's (Nottingham's) Men
1147	Lady Elizabeth's Men
1145	Admiral's (Nottingham's) Men
1146	Admiral's (Nottingham's) Men
1148	King's Men
1150	Unknown
1151	Prince Charles's Men (first)
1154	Davenant's Opera Company
1155	King's Men
1160	King's Men
1173	Admiral's (Nottingham's) Men
1174	Unknown
1178	King's Revels Company
5017.01	Admiral's (Nottingham's) Men
5017.02	Admiral's (Nottingham's) Men
5021.01	Queen Elizabeth's Men
5021.02	Queen Elizabeth's Men
5018.01	Admiral's (Nottingham's) Men
5018.02	Admiral's (Nottingham's) Men
5019.01	Admiral's (Nottingham's) Men
5019.02	Admiral's (Nottingham's) Men
5048.01	Derby's (Strange's) Men
5048.02	Derby's (Strange's) Men
5049.01	Derby's (Strange's) Men
5049.02	Derby's (Strange's) Men
5063.02	Children of the Queen's Revels
5050.01	Derby's (Strange's) Men
5050.02	Derby's (Strange's) Men
5067.01	Children of the Queen's Revels
5051.01	Derby's (Strange's) Men
5051.02	Derby's (Strange's) Men
5064.01	Children of the Queen's Revels
5069.01	Children of the Queen's Revels
5069.02	Children of the Queen's Revels
5022.01	Queen Elizabeth's Men
5022.02	Queen Elizabeth's Men
5065.01	Children of the Queen's Revels
5065.02	Children of the Queen's Revels
5074.02	Lord Chamberlain's (Hunsdon's) Men
5074.03	Lord Chamberlain's (Hunsdon's) Men
5074.04	Lord Chamberlain's (Hunsdon's) Men
5102.01	Children of Paul's (second)
5074.05	Lord Chamberlain's (Hunsdon's) Men
5074.01	Lord Chamberlain's (Hunsdon's) Men
5074.06	Children of the Chapel (second)
5074.07	Children of the Chapel (second)
5074.08	Children of the Chapel (second)
5074.09	Children of the Chapel (second)
5074.10	Children of the Chapel (second)
5074.11	King's Men
5074.12	King's Men
5074.16	King's Men
5074.15	King's Men
5074.13	Children of the Queen's Revels
5074.14	Children of the Queen's Revels
5052.01	Derby's (Strange's) Men
5052.02	Derby's (Strange's) Men
5077.01	Pembroke's Men
5077.02	Pembroke's Men
5077.03	King's Men
5023.01	Queen Elizabeth's Men
5023.02	Queen Elizabeth's Men
5079.01	Children of the Queen's Revels
5081.27	Unknown
5081.21	Pembroke's Men
5081.11	Unknown
5081.22	Pembroke's Men
5081.16	Lord Chamberlain's (Hunsdon's) Men
5081.23	Unknown
5081.28	Lord Chamberlain's (Hunsdon's) Men
5081.17	Lord Chamberlain's (Hunsdon's) Men
5081.07	Lord Chamberlain's (Hunsdon's) Men
5081.19	Lord Chamberlain's (Hunsdon's) Men
5081.18	Lord Chamberlain's (Hunsdon's) Men
5081.06	Lord Chamberlain's (Hunsdon's) Men
5081.08	Lord Chamberlain's (Hunsdon's) Men
5081.09	Lord Chamberlain's (Hunsdon's) Men
5081.03	Lord Chamberlain's (Hunsdon's) Men
5081.32	Lord Chamberlain's (Hunsdon's) Men
5081.33	King's Men
5081.25	Lord Chamberlain's (Hunsdon's) Men
5081.34	King's Men
5081.01	King's Men
5081.02	Lord Chamberlain's (Hunsdon's) Men
5081.04	King's Men
5053.02	Derby's (Strange's) Men
5081.05	Derby's (Strange's) Men
5081.10	Lord Chamberlain's (Hunsdon's) Men
5081.12	Lord Chamberlain's (Hunsdon's) Men
5081.13	Lord Chamberlain's (Hunsdon's) Men
5081.14	King's Men
5081.15	Lord Chamberlain's (Hunsdon's) Men
5081.20	Derby's (Strange's) Men
5081.26	King's Men
5081.29	Unknown
5081.30	Lord Chamberlain's (Hunsdon's) Men
5081.31	King's Men
5081.35	King's Men
5081.36	King's Men
5081.24	King's Men
1135	Red Bull Company (second)
1136	Red Bull Company (second)
1137	Red Bull Company (second)
5070.01	Children of the Queen's Revels
5070.02	Children of the Queen's Revels
5053.01	Derby's (Strange's) Men
5097.01	Lady Elizabeth's Men
5097.02	Lady Elizabeth's Men
5097.04	King's Men
5097.03	King's Men
5098.01	Children of Paul's (first)
5098.05	Children of Paul's (first)
5098.06	Children of Paul's (first)
5098.03	Children of the Chapel (first)
5098.03	Children of Paul's (first)
5098.04	Children of the Chapel (first)
5098.04	Children of Paul's (first)
5098.02	Children of Paul's (first)
5098.02	Children of the Chapel (first)
5098.07	Children of Paul's (first)
5098.08	Children of Paul's (first)
5082.27	Unknown
5082.21	Pembroke's Men
5082.11	Unknown
5082.22	Pembroke's Men
5082.16	Lord Chamberlain's (Hunsdon's) Men
5082.23	Unknown
5082.28	Lord Chamberlain's (Hunsdon's) Men
5082.17	Lord Chamberlain's (Hunsdon's) Men
5082.07	Lord Chamberlain's (Hunsdon's) Men
5082.19	Lord Chamberlain's (Hunsdon's) Men
5082.18	Lord Chamberlain's (Hunsdon's) Men
5082.06	Lord Chamberlain's (Hunsdon's) Men
5082.08	Lord Chamberlain's (Hunsdon's) Men
5082.09	Lord Chamberlain's (Hunsdon's) Men
5082.03	Lord Chamberlain's (Hunsdon's) Men
5082.32	Lord Chamberlain's (Hunsdon's) Men
5082.33	King's Men
5082.25	Lord Chamberlain's (Hunsdon's) Men
5082.34	King's Men
5082.01	King's Men
5082.02	Lord Chamberlain's (Hunsdon's) Men
5082.04	King's Men
5082.05	Derby's (Strange's) Men
5082.10	Lord Chamberlain's (Hunsdon's) Men
5082.12	Lord Chamberlain's (Hunsdon's) Men
5082.13	Lord Chamberlain's (Hunsdon's) Men
5082.14	King's Men
5082.15	Lord Chamberlain's (Hunsdon's) Men
5082.20	Derby's (Strange's) Men
5082.26	King's Men
5082.29	Unknown
5082.30	Lord Chamberlain's (Hunsdon's) Men
5082.31	King's Men
5082.35	King's Men
5082.36	King's Men
5082.24	King's Men
5102.02	Children of Paul's (second)
5102.03	Children of Paul's (second)
5102.11	Children of the Queen's Revels
5102.12	Children of the Queen's Revels
5102.09	Children of the Queen's Revels
5102.10	Children of the Queen's Revels
5102.04	Children of the Queen's Revels
5102.05	Children of the Queen's Revels
5102.06	Children of Paul's (second)
5102.07	Children of Paul's (second)
5102.08	Children of Paul's (second)
5111.01	King's Revels Company
5111.02	King's Revels Company
5119.01	King's Men
5119.02	King's Men
5118.01	Queen Henrietta Maria's Men
5118.02	Queen Henrietta Maria's Men
5118.03	Unknown
5118.04	Unknown
5118.05	Queen Henrietta Maria's Men
5118.06	Queen Henrietta Maria's Men
5118.09	Beeston's Boys
5124.19	King's Men
5124.20	Queen Henrietta Maria's Men
5125.01	King's Men
5076.02	Lord Chamberlain's (Hunsdon's) Men
5076.01	Lord Chamberlain's (Hunsdon's) Men
5076.03	Children of the Chapel (second)
5076.04	Children of the Chapel (second)
5076.05	King's Men
5076.06	King's Men
5076.09	King's Men
5076.08	King's Men
5076.07	Children of the Queen's Revels
5112.01	King's Revels Company
5112.02	King's Revels Company
5132.01	Queen Henrietta Maria's Men
5132.02	Queen Henrietta Maria's Men
5114.01	King's Revels Company
5114.02	King's Revels Company
5135.01	King's Men
5135.02	King's Men
5135.04	King's Men
5135.03	King's Men
5138.02	King's Men
5145.01	King's Men
5143.01	King's Men
5143.02	King's Men
5143.03	King's Men
5143.04	King's Men
5143.05	King's Men
5143.06	King's Men
5143.07	King's Men
5143.08	Children of the Queen's Revels
5143.09	King's Men
5143.10	King's Men
5143.11	King's Men
5143.12	King's Men
5143.13	King's Men
5143.14	King's Men
5143.15	King's Men
5143.16	Unknown
5143.17	King's Men
5143.18	King's Men
5143.19	King's Men
5143.20	King's Men
5143.21	King's Men
5143.22	King's Men
5143.23	King's Men
5143.24	Unknown
5143.25	King's Men
5143.26	Lady Elizabeth's Men
5143.27	King's Men
5143.28	King's Men
5143.29	King's Men
5143.30	Unknown
5138.01	King's Men
5143.31	King's Men
5143.32	King's Men
5143.33	King's Men
5143.35	Unknown
5138.03	King's Men
5145.02	King's Men
5165.02	King's Men
5165.03	King's Men
5147.01	Admiral's (Nottingham's) Men
5147.02	Admiral's (Nottingham's) Men
5147.03	Children of the Queen's Revels
5147.05	Unknown
5147.04	Children of the Queen's Revels
5147.06	Children of Paul's (second)
5148.06	Children of Paul's (second)
5148.07	Children of Paul's (second)
5148.01	Children of the Queen's Revels
5148.03	Children of the Queen's Revels
5148.05	Children of the Queen's Revels
5148.04	Children of the Queen's Revels
5148.02	Children of Paul's (second)
5148.08	Children of the Queen's Revels
5116.01	King's Revels Company
5116.02	King's Revels Company
5153.01	Beeston's Boys
5153.02	King's Men
5153.03	Beeston's Boys
5153.05	Beeston's Boys
5155.01	King's Men
5155.02	King's Men
5163.02	Unknown
5165.01	King's Men
5155.03	Ogilby's Men
5155.03	King's Men
5155.04	King's Men
5155.05	King's Men
5158.01	Unknown
5158.02	Unknown
5161.01	King's Men
5161.02	King's Men
5162.01	King's Men
5162.02	King's Men
5163.01	Unknown
5163.03	Unknown
5163.04	Unknown
5164.01	Unknown
5164.02	Unknown
5170.01	Queen Henrietta Maria's Men
5170.02	Queen Henrietta Maria's Men
5171.01	King's Men
5171.02	King's Men
5173.02	Unknown
5176.01	King's Men
5176.03	Unknown
5139.01	King's Men
5139.03	King's Men
5139.02	King's Men
5182.02	Queen Henrietta Maria's Men
5182.03	Unknown
5182.04	King's Men
5182.05	King's Revels Company
5182.06	King's Revels Company
971	King's Revels Company
757	King's Men
759	King's Men
1156	King's Men
1157	King's Men
1158	King's Men
1159	King's Men
135	Queen Elizabeth's Men
5172.01	Ogilby's Men
5172.01	Queen Henrietta Maria's Men
5172.02	Ogilby's Men
5172.02	Queen Henrietta Maria's Men
510	Admiral's (Nottingham's) Men
708	Red Bull (Revels) Company (first)
791	Prince Charles's Men (second)
914	Unknown
916	Unknown
1126	Lady Elizabeth's Men
1127	Lady Elizabeth's Men
1128	Lady Elizabeth's Men
1129	Lady Elizabeth's Men
5182.01	Queen Henrietta Maria's Men
5176.02	Unknown
5176.04	Unknown
5156.02	Ogilby's Men
5156.02	Queen Henrietta Maria's Men
5156.01	Ogilby's Men
5156.01	Queen Henrietta Maria's Men
440	Children of Paul's (second)
5153.04	King's Revels Company
917	Unknown
5014.01	Unknown
5014.02	Unknown
99	Unknown
100	Unknown
101	Unknown
1061	Unknown
1096	Unknown
5173.03	Unknown
5146.02	King's Men
942	King's Men
943	King's Men
596	Queen Anne's Men