676	X.2 (Strand / Drury Lane - St. Clement Danes Church)
686	V.9 (Holborn - Middle Row / Staple Inn)
688	C.1 (Newgate Within - Christ Church)
1078	W.9 (Fleet St. - St. Dunstan's Church / Clifford's Inn)
1079	W.9 (Fleet St. - St. Dunstan's Church / Clifford's Inn)
1148	A.2 (Paul's Churchyard - Great North Door)
1177	E.5 (Smithfield - Duck Lane)
1177	X.10 (Westminster - Britain's Burse)
1177	W.10a (Fleet St. - Chancery Lane - Unlocated)
5005	G.1 (Aldersgate Within - Aldersgate)
5015	W.9 (Fleet St. - St. Dunstan's Church / Clifford's Inn)
5027	A.5 (Paul's Churchyard - Cheap Gate Area)
5028	A.5 (Paul's Churchyard - Cheap Gate Area)
5036	Dublin
5090	Q.6 (Blackfriars)
5082	A.3 (Paul's Churchyard - Northeast)
5102	X.10 (Westminster - Britain's Burse)
5083	A.3 (Paul's Churchyard - Northeast)
5084	A.3 (Paul's Churchyard - Northeast)
5085	W.10c (Fleet St. - Chancery Lane near Serjeants' Inn)
5086	W.13 (Fleet St. - Middle Temple)
5087	W.9 (Fleet St. - St. Dunstan's Church / Clifford's Inn)
5088	A.3 (Paul's Churchyard - Northeast)
5089	A.3 (Paul's Churchyard - Northeast)
5103	X.10 (Westminster - Britain's Burse)
5105	E.5 (Smithfield - Duck Lane)
5118	A.2 (Paul's Churchyard - Great North Door)
5126	X.12 (Westminster - York House)
5076	A.3 (Paul's Churchyard - Northeast)
5132	A.3 (Paul's Churchyard - Northeast)
5127	X.12 (Westminster - York House)
5135	A.2 (Paul's Churchyard - Great North Door)
5136	A.2 (Paul's Churchyard - Great North Door)
5137	A.2 (Paul's Churchyard - Great North Door)
5143	A.3 (Paul's Churchyard - Northeast)
5143	A.2 (Paul's Churchyard - Great North Door)
5138	A.2 (Paul's Churchyard - Great North Door)
5145	A.3 (Paul's Churchyard - Northeast)
5145	A.2 (Paul's Churchyard - Great North Door)
5128	A.2 (Paul's Churchyard - Great North Door)
5129	A.4 (St. Faith's parish: North and East)
5146	A.2 (Paul's Churchyard - Great North Door)
5150	W.13 (Fleet St. - Middle Temple)
5151	O.2 (Royal Exchange - North Side)
5155	A.2 (Paul's Churchyard - Great North Door)
5155	A.3 (Paul's Churchyard - Northeast)
5165	A.2 (Paul's Churchyard - Great North Door)
5154	O.11 (Royal Exchange - Pope's Head Alley)
5158	A.2 (Paul's Churchyard - Great North Door)
5164	F.4 (Aldersgate Without - Little Britain)
5169	W.13 (Fleet St. - Middle Temple)
5174	X.10 (Westminster - Britain's Burse)
5139	A.2 (Paul's Churchyard - Great North Door)
5182	A.3 (Paul's Churchyard - Northeast)
5182	C.3 (Newgate Within - Ivy Lane)
5175	X.10 (Westminster - Britain's Burse)
5152	O.2 (Royal Exchange - North Side)
32	P.7 (Leadenhall - Rood Lane)
29	O.1 (Royal Exchange - St. Mildred's Church)
3	G.3 (Aldersgate Within - Foster Lane)
4	W.9 (Fleet St. - St. Dunstan's Church / Clifford's Inn)
5	W.9 (Fleet St. - St. Dunstan's Church / Clifford's Inn)
6	B (Paul's Churchyard - Unlocated)
8	W.5 (Fleet St. - Conduit / Salisbury Court)
19	A.3 (Paul's Churchyard - Northeast)
20	F.4 (Aldersgate Without - Little Britain)
22	G.3 (Aldersgate Within - Foster Lane)
25	G.3 (Aldersgate Within - Foster Lane)
26	H.9 (Cripplegate and Moorgate Within - Lothbury)
27	W.9 (Fleet St. - St. Dunstan's Church / Clifford's Inn)
30	W.9 (Fleet St. - St. Dunstan's Church / Clifford's Inn)
35	W.4 (Fleet St. - St. Bride's Church)
37	G.3 (Aldersgate Within - Foster Lane)
40	W.13 (Fleet St. - Middle Temple)
41	W.13 (Fleet St. - Middle Temple)
43	W.5 (Fleet St. - Conduit / Salisbury Court)
44	A.5 (Paul's Churchyard - Cheap Gate Area)
46	A.5 (Paul's Churchyard - Cheap Gate Area)
49	O.1 (Royal Exchange - St. Mildred's Church)
5003	S.9 (Thames St. 2 - Three-Crane Wharf)
51	C.7 (Newgate Within - Paternoster Row)
52	S.9 (Thames St. 2 - Three-Crane Wharf)
53	H.9 (Cripplegate and Moorgate Within - Lothbury)
54	O.1 (Royal Exchange - St. Mildred's Church)
57	P.1 (Leadenhall - All Hallows' Church, Lombard St.)
55	W.4 (Fleet St. - St. Bride's Church)
56	W.4 (Fleet St. - St. Bride's Church)
60	G.1 (Aldersgate Within - Aldersgate)
59	W.9 (Fleet St. - St. Dunstan's Church / Clifford's Inn)
61	A.3 (Paul's Churchyard - Northeast)
62	W.5 (Fleet St. - Conduit / Salisbury Court)
63	W.5 (Fleet St. - Conduit / Salisbury Court)
64	A.6 (Paul's Churchyard - East)
65	F.4 (Aldersgate Without - Little Britain)
66	H.9 (Cripplegate and Moorgate Within - Lothbury)
67	W.5 (Fleet St. - Conduit / Salisbury Court)
69	W.5 (Fleet St. - Conduit / Salisbury Court)
70	C.7 (Newgate Within - Paternoster Row)
72	I.1 (Cripplegate Without - Barbican)
73	I.1 (Cripplegate Without - Barbican)
74	W.9 (Fleet St. - St. Dunstan's Church / Clifford's Inn)
75	B (Paul's Churchyard - Unlocated)
76	O.1 (Royal Exchange - St. Mildred's Church)
77	O.1 (Royal Exchange - St. Mildred's Church)
78	O.1 (Royal Exchange - St. Mildred's Church)
80	R.2 (Thames St. 1 - Knightrider St.)
81	W.5 (Fleet St. - Conduit / Salisbury Court)
82	A.10 (Paul's Churchyard - West)
83	W.5 (Fleet St. - Conduit / Salisbury Court)
84	W.9 (Fleet St. - St. Dunstan's Church / Clifford's Inn)
86	O.1 (Royal Exchange - St. Mildred's Church)
88	O.1 (Royal Exchange - St. Mildred's Church)
89	A.10 (Paul's Churchyard - West)
90	V.2 (Holborn - Holborn Bridge)
91	W.14 (Fleet St. - Temple Bar)
91	A.6 (Paul's Churchyard - East)
95	W.5 (Fleet St. - Conduit / Salisbury Court)
96	W.9 (Fleet St. - St. Dunstan's Church / Clifford's Inn)
97	B (Paul's Churchyard - Unlocated)
99	T.7 (Thames St. 3 - London Bridge)
98	B (Paul's Churchyard - Unlocated)
101	W.5 (Fleet St. - Conduit / Salisbury Court)
102	Q.6 (Blackfriars)
103	W.14 (Fleet St. - Temple Bar)
107	W.5 (Fleet St. - Conduit / Salisbury Court)
108	X.6 (Strand / Drury Lane - Somerset House)
109	H.2 (Cripplegate and Moorgate Within - Aldermanbury)
110	H.2 (Cripplegate and Moorgate Within - Aldermanbury)
119	D.5 (Newgate Without - Holborn Conduit)
120	E.5 (Smithfield - Duck Lane)
121	O.11 (Royal Exchange - Pope's Head Alley)
126	A.3 (Paul's Churchyard - Northeast)
127	A.1 (Paul's Churchyard - Little North Door)
128	V.2 (Holborn - Holborn Bridge)
129	A.1 (Paul's Churchyard - Little North Door)
130	A.1 (Paul's Churchyard - Little North Door)
132	A.8 (Paul's Churchyard - Great South Door)
137	A.6 (Paul's Churchyard - East)
141	A.2 (Paul's Churchyard - Great North Door)
142	A.1 (Paul's Churchyard - Little North Door)
144	C.1 (Newgate Within - Christ Church)
143	A.1 (Paul's Churchyard - Little North Door)
145	T.7 (Thames St. 3 - London Bridge)
147	A.1 (Paul's Churchyard - Little North Door)
148	A.1 (Paul's Churchyard - Little North Door)
149	A.1 (Paul's Churchyard - Little North Door)
152	E.4 (Smithfield - Cow Lane)
153	O.9 (Royal Exchange - South Side)
154	O.9 (Royal Exchange - South Side)
162	P.4 (Leadenhall - Gracechurch St.)
156	D.9 (Newgate Without - Snow Hill)
5026	Oxford
157	D.9 (Newgate Without - Snow Hill)
158	D.9 (Newgate Without - Snow Hill)
159	D.9 (Newgate Without - Snow Hill)
160	A.1 (Paul's Churchyard - Little North Door)
161	D.9 (Newgate Without - Snow Hill)
163	E.4 (Smithfield - Cow Lane)
164	W.9 (Fleet St. - St. Dunstan's Church / Clifford's Inn)
165	D.3 (Newgate Without - Giltspur St.)
166	P.4 (Leadenhall - Gracechurch St.)
167	O.9 (Royal Exchange - South Side)
168	V.2 (Holborn - Holborn Bridge)
171	A.1 (Paul's Churchyard - Little North Door)
172	A.1 (Paul's Churchyard - Little North Door)
173	A.1 (Paul's Churchyard - Little North Door)
174	P.4 (Leadenhall - Gracechurch St.)
175	P.4 (Leadenhall - Gracechurch St.)
176	O.9 (Royal Exchange - South Side)
178	I.1 (Cripplegate Without - Barbican)
179	P.2 (Leadenhall - Cornhill)
180	P.2 (Leadenhall - Cornhill)
181	O.8 (Royal Exchange - South Entrance)
182	O.8 (Royal Exchange - South Entrance)
183	W.9 (Fleet St. - St. Dunstan's Church / Clifford's Inn)
184	W.9 (Fleet St. - St. Dunstan's Church / Clifford's Inn)
185	A.1 (Paul's Churchyard - Little North Door)
186	C.1 (Newgate Within - Christ Church)
187	C.1 (Newgate Within - Christ Church)
188	A.3 (Paul's Churchyard - Northeast)
189	O.8 (Royal Exchange - South Entrance)
190	O.8 (Royal Exchange - South Entrance)
191	O.8 (Royal Exchange - South Entrance)
194	C.4 (Newgate Within - Newgate Market)
195	A.3 (Paul's Churchyard - Northeast)
196	A.3 (Paul's Churchyard - Northeast)
197	D.5 (Newgate Without - Holborn Conduit)
198	D.5 (Newgate Without - Holborn Conduit)
199	W.10e (Fleet St. - Chancery Lane near Rolls)
200	W.10e (Fleet St. - Chancery Lane near Rolls)
201	E.8 (Smithfield - Little St. Bartholomew's Church)
202	E.8 (Smithfield - Little St. Bartholomew's Church)
203	T.5 (Thames St. 3 - Catherine Wheel Alley)
204	A.3 (Paul's Churchyard - Northeast)
205	H.5 (Cripplegate and Moorgate Within - Guildhall)
207	A.1 (Paul's Churchyard - Little North Door)
208	P.4 (Leadenhall - Gracechurch St.)
209	P.4 (Leadenhall - Gracechurch St.)
211	I.4 (Cripplegate Without - St. Giles's Church)
212	P.2 (Leadenhall - Cornhill)
213	P.2 (Leadenhall - Cornhill)
214	O.8 (Royal Exchange - South Entrance)
216	O.8 (Royal Exchange - South Entrance)
217	A.3 (Paul's Churchyard - Northeast)
218	A.3 (Paul's Churchyard - Northeast)
219	A.3 (Paul's Churchyard - Northeast)
220	A.7 (Paul's Churchyard - Southeast)
221	A.7 (Paul's Churchyard - Southeast)
222	A.7 (Paul's Churchyard - Southeast)
225	A.3 (Paul's Churchyard - Northeast)
226	A.3 (Paul's Churchyard - Northeast)
227	A.3 (Paul's Churchyard - Northeast)
228	A.7 (Paul's Churchyard - Southeast)
229	A.7 (Paul's Churchyard - Southeast)
230	A.7 (Paul's Churchyard - Southeast)
231	A.7 (Paul's Churchyard - Southeast)
234	O.8 (Royal Exchange - South Entrance)
235	W.9 (Fleet St. - St. Dunstan's Church / Clifford's Inn)
236	W.9 (Fleet St. - St. Dunstan's Church / Clifford's Inn)
237	W.9 (Fleet St. - St. Dunstan's Church / Clifford's Inn)
238	W.9 (Fleet St. - St. Dunstan's Church / Clifford's Inn)
239	D.5 (Newgate Without - Holborn Conduit)
241	A.3 (Paul's Churchyard - Northeast)
242	A.3 (Paul's Churchyard - Northeast)
243	A.7 (Paul's Churchyard - Southeast)
244	A.7 (Paul's Churchyard - Southeast)
245	A.7 (Paul's Churchyard - Southeast)
246	A.7 (Paul's Churchyard - Southeast)
247	W.10c (Fleet St. - Chancery Lane near Serjeants' Inn)
247	A.8 (Paul's Churchyard - Great South Door)
248	X.8 (Strand / Drury Lane - Ivy Bridge)
249	D.5 (Newgate Without - Holborn Conduit)
250	A.2 (Paul's Churchyard - Great North Door)
251	A.2 (Paul's Churchyard - Great North Door)
253	I.1 (Cripplegate Without - Barbican)
254	A.2 (Paul's Churchyard - Great North Door)
257	W.9 (Fleet St. - St. Dunstan's Church / Clifford's Inn)
258	D.5 (Newgate Without - Holborn Conduit)
259	D.5 (Newgate Without - Holborn Conduit)
260	D.5 (Newgate Without - Holborn Conduit)
261	D.5 (Newgate Without - Holborn Conduit)
262	D.5 (Newgate Without - Holborn Conduit)
263	D.5 (Newgate Without - Holborn Conduit)
265	D.3 (Newgate Without - Giltspur St.)
266	D.3 (Newgate Without - Giltspur St.)
267	D.3 (Newgate Without - Giltspur St.)
268	D.3 (Newgate Without - Giltspur St.)
270	D.3 (Newgate Without - Giltspur St.)
271	D.3 (Newgate Without - Giltspur St.)
272	D.3 (Newgate Without - Giltspur St.)
273	D.7 (Newgate Without - Old Bailey)
277	O.8 (Royal Exchange - South Entrance)
281	H.9 (Cripplegate and Moorgate Within - Lothbury)
282	H.9 (Cripplegate and Moorgate Within - Lothbury)
283	A.2 (Paul's Churchyard - Great North Door)
284	W.7 (Fleet St. - Serjeant's Inn / Whitefriars)
285	W.7 (Fleet St. - Serjeant's Inn / Whitefriars)
287	E.9 (Smithfield - Long Lane)
288	R.1 (Thames St. 1 - Carter Lane)
289	O.9 (Royal Exchange - South Side)
291	O.9 (Royal Exchange - South Side)
296	E.9 (Smithfield - Long Lane)
297	W.9 (Fleet St. - St. Dunstan's Church / Clifford's Inn)
299	E.9 (Smithfield - Long Lane)
300	W.10c (Fleet St. - Chancery Lane near Serjeants' Inn)
301	A.3 (Paul's Churchyard - Northeast)
303	W.3 (Fleet St. - Fleet Bridge)
304	W.10e (Fleet St. - Chancery Lane near Rolls)
306	H.5 (Cripplegate and Moorgate Within - Guildhall)
307	R.6 (Thames St. 1 - Baynard's Castle)
308	C.1 (Newgate Within - Christ Church)
309	D.3 (Newgate Without - Giltspur St.)
310	D.3 (Newgate Without - Giltspur St.)
311	D.3 (Newgate Without - Giltspur St.)
312	D.3 (Newgate Without - Giltspur St.)
313	A.2 (Paul's Churchyard - Great North Door)
314	E.9 (Smithfield - Long Lane)
315	W.10e (Fleet St. - Chancery Lane near Rolls)
317	A.10 (Paul's Churchyard - West)
320	A.2 (Paul's Churchyard - Great North Door)
321	A.2 (Paul's Churchyard - Great North Door)
322	A.7 (Paul's Churchyard - Southeast)
326	W.9 (Fleet St. - St. Dunstan's Church / Clifford's Inn)
327	W.9 (Fleet St. - St. Dunstan's Church / Clifford's Inn)
324	X.10 (Westminster - Britain's Burse)
325	W.9 (Fleet St. - St. Dunstan's Church / Clifford's Inn)
328	A.2 (Paul's Churchyard - Great North Door)
330	W.9 (Fleet St. - St. Dunstan's Church / Clifford's Inn)
330	W.13 (Fleet St. - Middle Temple)
331	O.1 (Royal Exchange - St. Mildred's Church)
332	D.5 (Newgate Without - Holborn Conduit)
334	H.17 (Cripplegate and Moorgate Within - Wood St.)
335	A.7 (Paul's Churchyard - Southeast)
336	A.7 (Paul's Churchyard - Southeast)
337	A.7 (Paul's Churchyard - Southeast)
338	A.7 (Paul's Churchyard - Southeast)
339	A.7 (Paul's Churchyard - Southeast)
340	X.10 (Westminster - Britain's Burse)
342	O.11 (Royal Exchange - Pope's Head Alley)
343	A.1 (Paul's Churchyard - Little North Door)
344	A.1 (Paul's Churchyard - Little North Door)
345	Edinburgh
370	C.1 (Newgate Within - Christ Church)
371	C.1 (Newgate Within - Christ Church)
348	W.9 (Fleet St. - St. Dunstan's Church / Clifford's Inn)
349	W.9 (Fleet St. - St. Dunstan's Church / Clifford's Inn)
350	W.9 (Fleet St. - St. Dunstan's Church / Clifford's Inn)
351	W.9 (Fleet St. - St. Dunstan's Church / Clifford's Inn)
352	W.9 (Fleet St. - St. Dunstan's Church / Clifford's Inn)
353	O.1 (Royal Exchange - St. Mildred's Church)
354	Edinburgh
355	Edinburgh
358	Edinburgh
359	B (Paul's Churchyard - Unlocated)
360	B (Paul's Churchyard - Unlocated)
361	B (Paul's Churchyard - Unlocated)
362	A.6 (Paul's Churchyard - East)
363	A.6 (Paul's Churchyard - East)
364	A.6 (Paul's Churchyard - East)
365	F.3 (Aldersgate Without - St. Botolph's Church)
367	F.3 (Aldersgate Without - St. Botolph's Church)
366	F.3 (Aldersgate Without - St. Botolph's Church)
368	Q.3 (Ludgate - Within)
372	D.3 (Newgate Without - Giltspur St.)
373	D.3 (Newgate Without - Giltspur St.)
374	D.3 (Newgate Without - Giltspur St.)
375	D.3 (Newgate Without - Giltspur St.)
376	D.3 (Newgate Without - Giltspur St.)
377	D.3 (Newgate Without - Giltspur St.)
378	A.1 (Paul's Churchyard - Little North Door)
379	O.1 (Royal Exchange - St. Mildred's Church)
380	A.5 (Paul's Churchyard - Cheap Gate Area)
381	P.6 (Leadenhall - Lime St.)
382	O.11 (Royal Exchange - Pope's Head Alley)
383	A.7 (Paul's Churchyard - Southeast)
384	A.7 (Paul's Churchyard - Southeast)
385	O.9 (Royal Exchange - South Side)
386	A.7 (Paul's Churchyard - Southeast)
387	A.7 (Paul's Churchyard - Southeast)
388	A.7 (Paul's Churchyard - Southeast)
389	A.7 (Paul's Churchyard - Southeast)
390	C.1 (Newgate Within - Christ Church)
391	A.6 (Paul's Churchyard - East)
408	O.9 (Royal Exchange - South Side)
409	O.9 (Royal Exchange - South Side)
410	A.7 (Paul's Churchyard - Southeast)
417	C.1 (Newgate Within - Christ Church)
418	C.1 (Newgate Within - Christ Church)
422	X.1 (Strand / Drury Lane - Temple Bar Without)
423	X.1 (Strand / Drury Lane - Temple Bar Without)
424	X.1 (Strand / Drury Lane - Temple Bar Without)
425	I.1 (Cripplegate Without - Barbican)
428	Q.3 (Ludgate - Within)
429	Q.3 (Ludgate - Within)
430	C.1 (Newgate Within - Christ Church)
431	A.2 (Paul's Churchyard - Great North Door)
432	A.2 (Paul's Churchyard - Great North Door)
434	A.6 (Paul's Churchyard - East)
435	A.6 (Paul's Churchyard - East)
436	A.6 (Paul's Churchyard - East)
437	A.6 (Paul's Churchyard - East)
441	D.3 (Newgate Without - Giltspur St.)
442	A.6 (Paul's Churchyard - East)
443	A.6 (Paul's Churchyard - East)
444	X.10 (Westminster - Britain's Burse)
445	W.9 (Fleet St. - St. Dunstan's Church / Clifford's Inn)
446	W.9 (Fleet St. - St. Dunstan's Church / Clifford's Inn)
447	W.9 (Fleet St. - St. Dunstan's Church / Clifford's Inn)
448	W.9 (Fleet St. - St. Dunstan's Church / Clifford's Inn)
450	W.9 (Fleet St. - St. Dunstan's Church / Clifford's Inn)
456	B (Paul's Churchyard - Unlocated)
457	B (Paul's Churchyard - Unlocated)
458	A.2 (Paul's Churchyard - Great North Door)
459	A.2 (Paul's Churchyard - Great North Door)
461	O.1 (Royal Exchange - St. Mildred's Church)
462	A.3 (Paul's Churchyard - Northeast)
463	A.3 (Paul's Churchyard - Northeast)
464	A.2 (Paul's Churchyard - Great North Door)
465	W.9 (Fleet St. - St. Dunstan's Church / Clifford's Inn)
466	A.2 (Paul's Churchyard - Great North Door)
467	W.9 (Fleet St. - St. Dunstan's Church / Clifford's Inn)
468	A.6 (Paul's Churchyard - East)
469	A.6 (Paul's Churchyard - East)
470	A.2 (Paul's Churchyard - Great North Door)
471	A.2 (Paul's Churchyard - Great North Door)
475	S.7 (Thames St. 2 - Lambeth Hill)
476	S.7 (Thames St. 2 - Lambeth Hill)
477	A.3 (Paul's Churchyard - Northeast)
478	A.2 (Paul's Churchyard - Great North Door)
479	A.2 (Paul's Churchyard - Great North Door)
480	A.2 (Paul's Churchyard - Great North Door)
481	W.9 (Fleet St. - St. Dunstan's Church / Clifford's Inn)
481	W.13 (Fleet St. - Middle Temple)
482	C.1 (Newgate Within - Christ Church)
484	H.17 (Cripplegate and Moorgate Within - Wood St.)
485	H.17 (Cripplegate and Moorgate Within - Wood St.)
486	A.5 (Paul's Churchyard - Cheap Gate Area)
483	C.1 (Newgate Within - Christ Church)
487	A.5 (Paul's Churchyard - Cheap Gate Area)
491	D.2 (Newgate Without - Fleet Lane)
492	D.2 (Newgate Without - Fleet Lane)
493	C.1 (Newgate Within - Christ Church)
494	C.1 (Newgate Within - Christ Church)
495	A.2 (Paul's Churchyard - Great North Door)
496	A.7 (Paul's Churchyard - Southeast)
497	A.7 (Paul's Churchyard - Southeast)
498	A.7 (Paul's Churchyard - Southeast)
499	O.11 (Royal Exchange - Pope's Head Alley)
500	O.11 (Royal Exchange - Pope's Head Alley)
501	A.6 (Paul's Churchyard - East)
502	I.1 (Cripplegate Without - Barbican)
506	D.2 (Newgate Without - Fleet Lane)
507	O.1 (Royal Exchange - St. Mildred's Church)
508	D.9 (Newgate Without - Snow Hill)
509	W.9 (Fleet St. - St. Dunstan's Church / Clifford's Inn)
511	A.2 (Paul's Churchyard - Great North Door)
512	A.2 (Paul's Churchyard - Great North Door)
513	A.2 (Paul's Churchyard - Great North Door)
514	Southwark
515	Southwark
516	D.3 (Newgate Without - Giltspur St.)
517	A.7 (Paul's Churchyard - Southeast)
519	C.1 (Newgate Within - Christ Church)
520	A.2 (Paul's Churchyard - Great North Door)
521	W.9 (Fleet St. - St. Dunstan's Church / Clifford's Inn)
522	W.9 (Fleet St. - St. Dunstan's Church / Clifford's Inn)
523	O.9 (Royal Exchange - South Side)
525	A.7 (Paul's Churchyard - Southeast)
526	A.7 (Paul's Churchyard - Southeast)
530	A.3 (Paul's Churchyard - Northeast)
531	W.11 (Fleet St. - Inner Temple / Temple Church)
532	O.11 (Royal Exchange - Pope's Head Alley)
533	O.11 (Royal Exchange - Pope's Head Alley)
534	O.11 (Royal Exchange - Pope's Head Alley)
535	W.10c (Fleet St. - Chancery Lane near Serjeants' Inn)
538	A.2 (Paul's Churchyard - Great North Door)
539	A.2 (Paul's Churchyard - Great North Door)
540	A.2 (Paul's Churchyard - Great North Door)
541	A.2 (Paul's Churchyard - Great North Door)
542	A.2 (Paul's Churchyard - Great North Door)
543	A.2 (Paul's Churchyard - Great North Door)
545	O.11 (Royal Exchange - Pope's Head Alley)
546	C.7 (Newgate Within - Paternoster Row)
547	C.7 (Newgate Within - Paternoster Row)
550	N.1 (Cheapside - Unlocated)
552	O.11 (Royal Exchange - Pope's Head Alley)
553	W.9 (Fleet St. - St. Dunstan's Church / Clifford's Inn)
554	Southwark
555	A.2 (Paul's Churchyard - Great North Door)
556	W.9 (Fleet St. - St. Dunstan's Church / Clifford's Inn)
557	W.13 (Fleet St. - Middle Temple)
558	W.13 (Fleet St. - Middle Temple)
559	W.9 (Fleet St. - St. Dunstan's Church / Clifford's Inn)
560	A.10 (Paul's Churchyard - West)
562	V.10 (Holborn - Gray's Inn)
563	V.10 (Holborn - Gray's Inn)
565	A.10 (Paul's Churchyard - West)
566	A.10 (Paul's Churchyard - West)
567	A.2 (Paul's Churchyard - Great North Door)
573	W.9 (Fleet St. - St. Dunstan's Church / Clifford's Inn)
574	O.11 (Royal Exchange - Pope's Head Alley)
575	A.8 (Paul's Churchyard - Great South Door)
575	X.10 (Westminster - Britain's Burse)
576	A.2 (Paul's Churchyard - Great North Door)
577	W.9 (Fleet St. - St. Dunstan's Church / Clifford's Inn)
578	C.1 (Newgate Within - Christ Church)
579	A.10 (Paul's Churchyard - West)
580	W.9 (Fleet St. - St. Dunstan's Church / Clifford's Inn)
581	W.9 (Fleet St. - St. Dunstan's Church / Clifford's Inn)
582	A.6 (Paul's Churchyard - East)
583	O.11 (Royal Exchange - Pope's Head Alley)
584	X.10 (Westminster - Britain's Burse)
585	W.9 (Fleet St. - St. Dunstan's Church / Clifford's Inn)
586	W.10c (Fleet St. - Chancery Lane near Serjeants' Inn)
587	W.10c (Fleet St. - Chancery Lane near Serjeants' Inn)
609	A.10 (Paul's Churchyard - West)
612	W.9 (Fleet St. - St. Dunstan's Church / Clifford's Inn)
588	W.14 (Fleet St. - Temple Bar)
589	W.14 (Fleet St. - Temple Bar)
590	W.14 (Fleet St. - Temple Bar)
591	W.14 (Fleet St. - Temple Bar)
592	W.14 (Fleet St. - Temple Bar)
593	V.2 (Holborn - Holborn Bridge)
595	V.2 (Holborn - Holborn Bridge)
597	W.10e (Fleet St. - Chancery Lane near Rolls)
598	W.10e (Fleet St. - Chancery Lane near Rolls)
599	O.11 (Royal Exchange - Pope's Head Alley)
600	O.11 (Royal Exchange - Pope's Head Alley)
601	O.11 (Royal Exchange - Pope's Head Alley)
602	X.10 (Westminster - Britain's Burse)
603	X.10 (Westminster - Britain's Burse)
604	A.3 (Paul's Churchyard - Northeast)
606	V.10 (Holborn - Gray's Inn)
607	V.10 (Holborn - Gray's Inn)
608	V.10 (Holborn - Gray's Inn)
614	A.2 (Paul's Churchyard - Great North Door)
615	A.2 (Paul's Churchyard - Great North Door)
616	A.2 (Paul's Churchyard - Great North Door)
617	W.10b (Fleet St. - Chancery Lane End)
618	W.9 (Fleet St. - St. Dunstan's Church / Clifford's Inn)
619	A.1 (Paul's Churchyard - Little North Door)
620	C.7 (Newgate Within - Paternoster Row)
621	W.9 (Fleet St. - St. Dunstan's Church / Clifford's Inn)
623	C.7 (Newgate Within - Paternoster Row)
624	C.7 (Newgate Within - Paternoster Row)
625	A.3 (Paul's Churchyard - Northeast)
626	A.3 (Paul's Churchyard - Northeast)
629	X.2 (Strand / Drury Lane - St. Clement Danes Church)
699	W.9 (Fleet St. - St. Dunstan's Church / Clifford's Inn)
633	W.9 (Fleet St. - St. Dunstan's Church / Clifford's Inn)
634	X.2 (Strand / Drury Lane - St. Clement Danes Church)
635	W.9 (Fleet St. - St. Dunstan's Church / Clifford's Inn)
637	V.10 (Holborn - Gray's Inn)
638	A.2 (Paul's Churchyard - Great North Door)
640	A.2 (Paul's Churchyard - Great North Door)
639	A.2 (Paul's Churchyard - Great North Door)
642	E.4 (Smithfield - Cow Lane)
643	X.10 (Westminster - Britain's Burse)
644	A.5 (Paul's Churchyard - Cheap Gate Area)
645	A.2 (Paul's Churchyard - Great North Door)
646	A.2 (Paul's Churchyard - Great North Door)
647	O.11 (Royal Exchange - Pope's Head Alley)
653	A.2 (Paul's Churchyard - Great North Door)
654	W.9 (Fleet St. - St. Dunstan's Church / Clifford's Inn)
654	W.13 (Fleet St. - Middle Temple)
656	G.3 (Aldersgate Within - Foster Lane)
650	C.1 (Newgate Within - Christ Church)
651	C.1 (Newgate Within - Christ Church)
652	W.9 (Fleet St. - St. Dunstan's Church / Clifford's Inn)
655	G.2 (Aldersgate Within - St. Anne's Church)
657	V.10 (Holborn - Gray's Inn)
658	V.10 (Holborn - Gray's Inn)
659	V.10 (Holborn - Gray's Inn)
660	A.3 (Paul's Churchyard - Northeast)
661	A.2 (Paul's Churchyard - Great North Door)
662	A.2 (Paul's Churchyard - Great North Door)
663	W.10c (Fleet St. - Chancery Lane near Serjeants' Inn)
664	W.10b (Fleet St. - Chancery Lane End)
665	W.10e (Fleet St. - Chancery Lane near Rolls)
666	W.12 (Fleet St. - between the Temples)
667	W.12 (Fleet St. - between the Temples)
668	W.9 (Fleet St. - St. Dunstan's Church / Clifford's Inn)
694	X.10 (Westminster - Britain's Burse)
695	W.10c (Fleet St. - Chancery Lane near Serjeants' Inn)
696	W.12 (Fleet St. - between the Temples)
670	X.10 (Westminster - Britain's Burse)
671	X.10 (Westminster - Britain's Burse)
672	W.10c (Fleet St. - Chancery Lane near Serjeants' Inn)
673	W.10e (Fleet St. - Chancery Lane near Rolls)
674	W.12 (Fleet St. - between the Temples)
676	X.17 (Westminster - Westminster Hall)
677	X.10 (Westminster - Britain's Burse)
678	X.10 (Westminster - Britain's Burse)
679	X.10 (Westminster - Britain's Burse)
680	W.10c (Fleet St. - Chancery Lane near Serjeants' Inn)
681	W.10c (Fleet St. - Chancery Lane near Serjeants' Inn)
682	W.10d (Fleet St. - Chancery Lane near Six Clerks' Office)
683	W.10e (Fleet St. - Chancery Lane near Rolls)
684	W.12 (Fleet St. - between the Temples)
685	W.12 (Fleet St. - between the Temples)
691	X.10 (Westminster - Britain's Burse)
692	A.2 (Paul's Churchyard - Great North Door)
693	A.2 (Paul's Churchyard - Great North Door)
687	C.1 (Newgate Within - Christ Church)
703	D.7 (Newgate Without - Old Bailey)
704	D.7 (Newgate Without - Old Bailey)
706	W.10e (Fleet St. - Chancery Lane near Rolls)
706	X.17 (Westminster - Westminster Hall)
707	W.9 (Fleet St. - St. Dunstan's Church / Clifford's Inn)
710	A.8 (Paul's Churchyard - Great South Door)
711	A.3 (Paul's Churchyard - Northeast)
902	X.12 (Westminster - York House)
1070	A.7 (Paul's Churchyard - Southeast)
1071	B (Paul's Churchyard - Unlocated)
1071	W.11 (Fleet St. - Inner Temple / Temple Church)
712	G.3 (Aldersgate Within - Foster Lane)
713	A.1 (Paul's Churchyard - Little North Door)
714	A.5 (Paul's Churchyard - Cheap Gate Area)
715	W.9 (Fleet St. - St. Dunstan's Church / Clifford's Inn)
718	A.8 (Paul's Churchyard - Great South Door)
719	A.3 (Paul's Churchyard - Northeast)
720	C.7 (Newgate Within - Paternoster Row)
722	X.2 (Strand / Drury Lane - St. Clement Danes Church)
723	W.9 (Fleet St. - St. Dunstan's Church / Clifford's Inn)
728	Leiden
731	W.7 (Fleet St. - Serjeant's Inn / Whitefriars)
729	G.3 (Aldersgate Within - Foster Lane)
734	A.2 (Paul's Churchyard - Great North Door)
737	W.9 (Fleet St. - St. Dunstan's Church / Clifford's Inn)
739	A.2 (Paul's Churchyard - Great North Door)
740	A.3 (Paul's Churchyard - Northeast)
741	A.3 (Paul's Churchyard - Northeast)
742	V.8 (Holborn - Furnival's Inn)
743	W.10e (Fleet St. - Chancery Lane near Rolls)
808	X.10 (Westminster - Britain's Burse)
809	X.10 (Westminster - Britain's Burse)
744	W.12 (Fleet St. - between the Temples)
745	V.8 (Holborn - Furnival's Inn)
746	V.8 (Holborn - Furnival's Inn)
748	A.5 (Paul's Churchyard - Cheap Gate Area)
749	A.5 (Paul's Churchyard - Cheap Gate Area)
750	V.8 (Holborn - Furnival's Inn)
751	W.10e (Fleet St. - Chancery Lane near Rolls)
752	A.5 (Paul's Churchyard - Cheap Gate Area)
753	A.3 (Paul's Churchyard - Northeast)
754	A.3 (Paul's Churchyard - Northeast)
756	X.10 (Westminster - Britain's Burse)
758	X.10 (Westminster - Britain's Burse)
760	X.10 (Westminster - Britain's Burse)
761	X.10 (Westminster - Britain's Burse)
767	A.3 (Paul's Churchyard - Northeast)
768	A.8 (Paul's Churchyard - Great South Door)
763	A.3 (Paul's Churchyard - Northeast)
764	A.2 (Paul's Churchyard - Great North Door)
765	A.3 (Paul's Churchyard - Northeast)
766	Q.3 (Ludgate - Within)
773	C.3 (Newgate Within - Ivy Lane)
774	C.3 (Newgate Within - Ivy Lane)
778	D.4 (Newgate Without - Green Arbour)
781	A.2 (Paul's Churchyard - Great North Door)
780	F.2 (Aldersgate Without - Aldersgate St.)
783	A.3 (Paul's Churchyard - Northeast)
784	A.3 (Paul's Churchyard - Northeast)
789	A.3 (Paul's Churchyard - Northeast)
790	C.8 (Newgate Within - Swan Yard)
792	V.8 (Holborn - Furnival's Inn)
793	A.9 (Paul's Churchyard - Little South Door / Paul's Chain)
794	A.3 (Paul's Churchyard - Northeast)
795	A.3 (Paul's Churchyard - Northeast)
800	Cambridge
801	Cambridge
802	Cambridge
803	Cambridge
804	C.3 (Newgate Within - Ivy Lane)
805	A.3 (Paul's Churchyard - Northeast)
806	A.3 (Paul's Churchyard - Northeast)
810	V.8 (Holborn - Furnival's Inn)
811	A.2 (Paul's Churchyard - Great North Door)
1072	B (Paul's Churchyard - Unlocated)
1072	W.11 (Fleet St. - Inner Temple / Temple Church)
1077	W.9 (Fleet St. - St. Dunstan's Church / Clifford's Inn)
812	W.11 (Fleet St. - Inner Temple / Temple Church)
813	X.10 (Westminster - Britain's Burse)
814	V.8 (Holborn - Furnival's Inn)
815	O.7 (Royal Exchange - Castle Tavern)
816	V.8 (Holborn - Furnival's Inn)
817	O.7 (Royal Exchange - Castle Tavern)
818	W.13 (Fleet St. - Middle Temple)
819	A.3 (Paul's Churchyard - Northeast)
821	S.1 (Thames St. 2 - St. Mary Magdalen's Church)
822	W.13 (Fleet St. - Middle Temple)
823	A.2 (Paul's Churchyard - Great North Door)
824	A.2 (Paul's Churchyard - Great North Door)
825	Edinburgh
826	V.8 (Holborn - Furnival's Inn)
828	V.8 (Holborn - Furnival's Inn)
832	W.11 (Fleet St. - Inner Temple / Temple Church)
835	A.5 (Paul's Churchyard - Cheap Gate Area)
836	N.1 (Cheapside - Unlocated)
837	F.2 (Aldersgate Without - Aldersgate St.)
830	V.8 (Holborn - Furnival's Inn)
831	V.8 (Holborn - Furnival's Inn)
833	O.7 (Royal Exchange - Castle Tavern)
834	O.7 (Royal Exchange - Castle Tavern)
839	X.15 (Westminster - Whitehall)
840	X.15 (Westminster - Whitehall)
841	X.15 (Westminster - Whitehall)
842	V.8 (Holborn - Furnival's Inn)
843	W.9 (Fleet St. - St. Dunstan's Church / Clifford's Inn)
845	C.3 (Newgate Within - Ivy Lane)
846	W.13 (Fleet St. - Middle Temple)
849	A.7 (Paul's Churchyard - Southeast)
866	A.2 (Paul's Churchyard - Great North Door)
869	W.11 (Fleet St. - Inner Temple / Temple Church)
850	A.7 (Paul's Churchyard - Southeast)
854	W.13 (Fleet St. - Middle Temple)
855	W.13 (Fleet St. - Middle Temple)
856	W.13 (Fleet St. - Middle Temple)
857	W.11 (Fleet St. - Inner Temple / Temple Church)
858	W.11 (Fleet St. - Inner Temple / Temple Church)
859	X.1 (Strand / Drury Lane - Temple Bar Without)
860	Oxford
861	Oxford
862	Oxford
863	A.2 (Paul's Churchyard - Great North Door)
864	A.2 (Paul's Churchyard - Great North Door)
867	A.2 (Paul's Churchyard - Great North Door)
873	A.5 (Paul's Churchyard - Cheap Gate Area)
875	E.8 (Smithfield - Little St. Bartholomew's Church)
877	A.3 (Paul's Churchyard - Northeast)
878	X.12 (Westminster - York House)
879	A.2 (Paul's Churchyard - Great North Door)
880	X.12 (Westminster - York House)
881	X.12 (Westminster - York House)
882	A.6 (Paul's Churchyard - East)
883	W.9 (Fleet St. - St. Dunstan's Church / Clifford's Inn)
884	A.3 (Paul's Churchyard - Northeast)
887	Q.4 (Ludgate - Without and Ludgate Hill)
888	Q.4 (Ludgate - Without and Ludgate Hill)
889	W.10b (Fleet St. - Chancery Lane End)
885	A.3 (Paul's Churchyard - Northeast)
896	A.3 (Paul's Churchyard - Northeast)
897	Dublin
898	W.9 (Fleet St. - St. Dunstan's Church / Clifford's Inn)
899	A.2 (Paul's Churchyard - Great North Door)
900	A.2 (Paul's Churchyard - Great North Door)
901	A.2 (Paul's Churchyard - Great North Door)
903	A.2 (Paul's Churchyard - Great North Door)
904	A.2 (Paul's Churchyard - Great North Door)
905	A.2 (Paul's Churchyard - Great North Door)
906	A.2 (Paul's Churchyard - Great North Door)
907	A.2 (Paul's Churchyard - Great North Door)
1165	V.10 (Holborn - Gray's Inn)
1166	V.8 (Holborn - Furnival's Inn)
1167	T.1 (Thames St. 3 - Cannon St.)
908	A.2 (Paul's Churchyard - Great North Door)
909	W.11 (Fleet St. - Inner Temple / Temple Church)
913	X.12 (Westminster - York House)
915	X.12 (Westminster - York House)
918	W.10b (Fleet St. - Chancery Lane End)
919	A.2 (Paul's Churchyard - Great North Door)
920	W.11 (Fleet St. - Inner Temple / Temple Church)
921	W.11 (Fleet St. - Inner Temple / Temple Church)
922	A.5 (Paul's Churchyard - Cheap Gate Area)
923	A.5 (Paul's Churchyard - Cheap Gate Area)
928	O.7 (Royal Exchange - Castle Tavern)
935	A.3 (Paul's Churchyard - Northeast)
930	V.8 (Holborn - Furnival's Inn)
931	V.8 (Holborn - Furnival's Inn)
933	V.13 (Holborn - Turnstile)
934	V.13 (Holborn - Turnstile)
936	Oxford
939	Oxford
940	Oxford
942	Oxford
943	Oxford
944	X.12 (Westminster - York House)
945	A.3 (Paul's Churchyard - Northeast)
972	V.8 (Holborn - Furnival's Inn)
973	V.8 (Holborn - Furnival's Inn)
974	A.3 (Paul's Churchyard - Northeast)
948	A.3 (Paul's Churchyard - Northeast)
949	A.3 (Paul's Churchyard - Northeast)
950	Dublin
951	W.14 (Fleet St. - Temple Bar)
952	W.11 (Fleet St. - Inner Temple / Temple Church)
953	F.4 (Aldersgate Without - Little Britain)
958	W.10e (Fleet St. - Chancery Lane near Rolls)
960	W.10e (Fleet St. - Chancery Lane near Rolls)
962	Q.3 (Ludgate - Within)
963	F.4 (Aldersgate Without - Little Britain)
964	F.4 (Aldersgate Without - Little Britain)
966	A.3 (Paul's Churchyard - Northeast)
967	W.10e (Fleet St. - Chancery Lane near Rolls)
968	W.10e (Fleet St. - Chancery Lane near Rolls)
969	X.17 (Westminster - Westminster Hall)
969	X.16 (Westminster - King St.)
970	X.16 (Westminster - King St.)
970	X.17 (Westminster - Westminster Hall)
975	A.3 (Paul's Churchyard - Northeast)
976	X.16 (Westminster - King St.)
976	X.17 (Westminster - Westminster Hall)
977	X.16 (Westminster - King St.)
977	X.17 (Westminster - Westminster Hall)
980	V.10 (Holborn - Gray's Inn)
983	A.2 (Paul's Churchyard - Great North Door)
984	W.11 (Fleet St. - Inner Temple / Temple Church)
985	Oxford
986	Oxford
987	A.3 (Paul's Churchyard - Northeast)
988	A.9 (Paul's Churchyard - Little South Door / Paul's Chain)
1069	A.2 (Paul's Churchyard - Great North Door)
990	Dublin
994	A.3 (Paul's Churchyard - Northeast)
995	A.2 (Paul's Churchyard - Great North Door)
996	A.2 (Paul's Churchyard - Great North Door)
997	X.12 (Westminster - York House)
999	D.7 (Newgate Without - Old Bailey)
1000	A.2 (Paul's Churchyard - Great North Door)
1001	Kilkenny
1002	A.2 (Paul's Churchyard - Great North Door)
1003	A.2 (Paul's Churchyard - Great North Door)
1004	A.2 (Paul's Churchyard - Great North Door)
1006	A.2 (Paul's Churchyard - Great North Door)
5178.01	Oxford
1015	Oxford
1016	Oxford
1017	Oxford
1022	Rochester
1023	A.2 (Paul's Churchyard - Great North Door)
1032	Hague
1063	A.3 (Paul's Churchyard - Northeast)
1065	X.10 (Westminster - Britain's Burse)
1066	X.10 (Westminster - Britain's Burse)
1067	W.9 (Fleet St. - St. Dunstan's Church / Clifford's Inn)
1033	Hague
1035	Hague
1036	A.2 (Paul's Churchyard - Great North Door)
1036	A.3 (Paul's Churchyard - Northeast)
1037	W.13 (Fleet St. - Middle Temple)
1044	V.8 (Holborn - Furnival's Inn)
1045	C.3 (Newgate Within - Ivy Lane)
1046	C.3 (Newgate Within - Ivy Lane)
1048	A.2 (Paul's Churchyard - Great North Door)
1049	X.10 (Westminster - Britain's Burse)
1050	X.10 (Westminster - Britain's Burse)
1051	X.10 (Westminster - Britain's Burse)
1052	O.11 (Royal Exchange - Pope's Head Alley)
1053	W.10e (Fleet St. - Chancery Lane near Rolls)
1055	O.11 (Royal Exchange - Pope's Head Alley)
1061	W.13 (Fleet St. - Middle Temple)
1058	W.13 (Fleet St. - Middle Temple)
1059	A.2 (Paul's Churchyard - Great North Door)
1060	A.2 (Paul's Churchyard - Great North Door)
1062	C.3 (Newgate Within - Ivy Lane)
1064	E.5 (Smithfield - Duck Lane)
1076	X.11 (Westminster - Bedford St. near Britain's Burse)
1075	X.11 (Westminster - Bedford St. near Britain's Burse)
1080	A.2 (Paul's Churchyard - Great North Door)
1080	A.3 (Paul's Churchyard - Northeast)
1081	A.2 (Paul's Churchyard - Great North Door)
1081	A.3 (Paul's Churchyard - Northeast)
1168	W.9 (Fleet St. - St. Dunstan's Church / Clifford's Inn)
1169	W.13 (Fleet St. - Middle Temple)
1170	X.10 (Westminster - Britain's Burse)
1171	B (Paul's Churchyard - Unlocated)
1082	A.2 (Paul's Churchyard - Great North Door)
1082	A.3 (Paul's Churchyard - Northeast)
1083	A.2 (Paul's Churchyard - Great North Door)
1083	A.3 (Paul's Churchyard - Northeast)
1084	A.3 (Paul's Churchyard - Northeast)
1084	A.2 (Paul's Churchyard - Great North Door)
1085	A.2 (Paul's Churchyard - Great North Door)
1085	A.3 (Paul's Churchyard - Northeast)
1086	A.2 (Paul's Churchyard - Great North Door)
1088	W.9 (Fleet St. - St. Dunstan's Church / Clifford's Inn)
1091	A.2 (Paul's Churchyard - Great North Door)
1092	W.9 (Fleet St. - St. Dunstan's Church / Clifford's Inn)
1095	A.2 (Paul's Churchyard - Great North Door)
1097	W.13 (Fleet St. - Middle Temple)
1098	A.1 (Paul's Churchyard - Little North Door)
1102	O.11 (Royal Exchange - Pope's Head Alley)
1102	O.8 (Royal Exchange - South Entrance)
1099	X.11 (Westminster - Bedford St. near Britain's Burse)
1103	O.8 (Royal Exchange - South Entrance)
1103	O.11 (Royal Exchange - Pope's Head Alley)
1104	O.8 (Royal Exchange - South Entrance)
1104	O.11 (Royal Exchange - Pope's Head Alley)
1105	O.8 (Royal Exchange - South Entrance)
1105	O.11 (Royal Exchange - Pope's Head Alley)
927	O.8 (Royal Exchange - South Entrance)
1145	O.8 (Royal Exchange - South Entrance)
1173	O.8 (Royal Exchange - South Entrance)
1173	W.9 (Fleet St. - St. Dunstan's Church / Clifford's Inn)
1106	A.2 (Paul's Churchyard - Great North Door)
1106	W.9 (Fleet St. - St. Dunstan's Church / Clifford's Inn)
1107	A.3 (Paul's Churchyard - Northeast)
1109	W.13 (Fleet St. - Middle Temple)
1109	V.8 (Holborn - Furnival's Inn)
1109	O.6 (Royal Exchange - Cornhill)
1110	A.2 (Paul's Churchyard - Great North Door)
1111	A.2 (Paul's Churchyard - Great North Door)
1114	A.2 (Paul's Churchyard - Great North Door)
1115	A.2 (Paul's Churchyard - Great North Door)
1116	W.13 (Fleet St. - Middle Temple)
1117	R.3 (Thames St. 1 - Paul's Chain)
1118	W.13 (Fleet St. - Middle Temple)
1119	X.10 (Westminster - Britain's Burse)
1120	X.10 (Westminster - Britain's Burse)
1121	X.10 (Westminster - Britain's Burse)
1122	O.6 (Royal Exchange - Cornhill)
1123	W.13 (Fleet St. - Middle Temple)
1124	F.4 (Aldersgate Without - Little Britain)
5166	D.3 (Newgate Without - Giltspur St.)
5167	D.3 (Newgate Without - Giltspur St.)
1132	X.10 (Westminster - Britain's Burse)
1133	X.10 (Westminster - Britain's Burse)
1134	B (Paul's Churchyard - Unlocated)
1135	E.9 (Smithfield - Long Lane)
1136	E.9 (Smithfield - Long Lane)
1138	W.10c (Fleet St. - Chancery Lane near Serjeants' Inn)
1141	E.9 (Smithfield - Long Lane)
1147	A.2 (Paul's Churchyard - Great North Door)
1139	W.10c (Fleet St. - Chancery Lane near Serjeants' Inn)
1142	W.10c (Fleet St. - Chancery Lane near Serjeants' Inn)
1146	P.4 (Leadenhall - Gracechurch St.)
1146	Southwark
1149	W.6 (Fleet St. - Shoe Lane)
1150	B (Paul's Churchyard - Unlocated)
1151	A.3 (Paul's Churchyard - Northeast)
1154	X.10 (Westminster - Britain's Burse)
1161	Hague
1162	X.10 (Westminster - Britain's Burse)
1163	B (Paul's Churchyard - Unlocated)
1174	D.3 (Newgate Without - Giltspur St.)
1176	Hague
1178	C.3 (Newgate Within - Ivy Lane)
1179	W.13 (Fleet St. - Middle Temple)
1180	W.9 (Fleet St. - St. Dunstan's Church / Clifford's Inn)
1181	Hague
1184	Oxford
1189	F.4 (Aldersgate Without - Little Britain)
1198	A.3 (Paul's Churchyard - Northeast)
1200	A.3 (Paul's Churchyard - Northeast)
1202	Cambridge
1208	Oxford
1212	W.13 (Fleet St. - Middle Temple)
5000	A.9 (Paul's Churchyard - Little South Door / Paul's Chain)
5005.01	G.1 (Aldersgate Within - Aldersgate)
5007	A.10 (Paul's Churchyard - West)
5008	A.10 (Paul's Churchyard - West)
5014	D.8 (Newgate Without - St. Sepulchre's Church)
5010	I.3 (Cripplegate Without - Fore St.)
5017	V.2 (Holborn - Holborn Bridge)
5021	O.8 (Royal Exchange - South Entrance)
5021.02	O.8 (Royal Exchange - South Entrance)
5025	Oxford
5018	V.2 (Holborn - Holborn Bridge)
5019	V.4 (Holborn - St. Andrew's Church)
5048	A.3 (Paul's Churchyard - Northeast)
5031	Edinburgh
5056	Edinburgh
5057	Edinburgh
5058	Edinburgh
5058	N.7 (Watling St. - St. Austin's Gate)
5050	A.10 (Paul's Churchyard - West)
5051	S.8 (Thames St. 2 - Bread St. Hill)
5069	A.2 (Paul's Churchyard - Great North Door)
5068	A.2 (Paul's Churchyard - Great North Door)
5022	W.9 (Fleet St. - St. Dunstan's Church / Clifford's Inn)
5073	A.8 (Paul's Churchyard - Great South Door)
5073	X.10 (Westminster - Britain's Burse)
5023	W.9 (Fleet St. - St. Dunstan's Church / Clifford's Inn)
5023.02	W.9 (Fleet St. - St. Dunstan's Church / Clifford's Inn)
5079	A.5 (Paul's Churchyard - Cheap Gate Area)
5042	A.5 (Paul's Churchyard - Cheap Gate Area)
5043	W.9 (Fleet St. - St. Dunstan's Church / Clifford's Inn)
5091	F.4 (Aldersgate Without - Little Britain)
5092	F.4 (Aldersgate Without - Little Britain)
5097.01	A.3 (Paul's Churchyard - Northeast)
5097.02	A.3 (Paul's Churchyard - Northeast)
5097.04	A.3 (Paul's Churchyard - Northeast)
5097.03	A.3 (Paul's Churchyard - Northeast)
5101	A.2 (Paul's Churchyard - Great North Door)
5104	A.3 (Paul's Churchyard - Northeast)
5104.01	A.3 (Paul's Churchyard - Northeast)
5095	Dublin
5111	Oxford
5107	A.2 (Paul's Churchyard - Great North Door)
5111.01	Oxford
5111.02	Oxford
5119	A.3 (Paul's Churchyard - Northeast)
5109	A.2 (Paul's Churchyard - Great North Door)
5118.01	A.2 (Paul's Churchyard - Great North Door)
5118.02	A.2 (Paul's Churchyard - Great North Door)
5118.03	A.2 (Paul's Churchyard - Great North Door)
5118.04	A.2 (Paul's Churchyard - Great North Door)
5118.05	A.2 (Paul's Churchyard - Great North Door)
5118.06	A.2 (Paul's Churchyard - Great North Door)
5118.09	W.14 (Fleet St. - Temple Bar)
5118.10	F.4 (Aldersgate Without - Little Britain)
5120.01	W.9 (Fleet St. - St. Dunstan's Church / Clifford's Inn)
5133	A.2 (Paul's Churchyard - Great North Door)
5134	A.2 (Paul's Churchyard - Great North Door)
5134.01	A.2 (Paul's Churchyard - Great North Door)
5121	A.9 (Paul's Churchyard - Little South Door / Paul's Chain)
5120.02	W.9 (Fleet St. - St. Dunstan's Church / Clifford's Inn)
5112	Oxford
5112.01	Oxford
5112.02	Oxford
5113	Oxford
5113	V.12 (Holborn - Chancery Lane End)
5130	V.10 (Holborn - Gray's Inn)
5130.01	V.10 (Holborn - Gray's Inn)
5132.01	A.3 (Paul's Churchyard - Northeast)
5132.02	A.3 (Paul's Churchyard - Northeast)
5114.04	C.3 (Newgate Within - Ivy Lane)
5114.02	Oxford
5114.03	Cambridge
5135.01	A.2 (Paul's Churchyard - Great North Door)
5135.02	A.2 (Paul's Churchyard - Great North Door)
5135.04	A.2 (Paul's Churchyard - Great North Door)
5135.03	A.2 (Paul's Churchyard - Great North Door)
5141	E.5 (Smithfield - Duck Lane)
5138.02	A.2 (Paul's Churchyard - Great North Door)
5145.01	Hague
5144.01	A.3 (Paul's Churchyard - Northeast)
5138.01	A.2 (Paul's Churchyard - Great North Door)
5142	E.5 (Smithfield - Duck Lane)
5138.03	A.2 (Paul's Churchyard - Great North Door)
5145.02	A.2 (Paul's Churchyard - Great North Door)
5128.01	A.2 (Paul's Churchyard - Great North Door)
5146.02	A.2 (Paul's Churchyard - Great North Door)
5146.01	A.2 (Paul's Churchyard - Great North Door)
5146.03	A.2 (Paul's Churchyard - Great North Door)
5165.02	A.2 (Paul's Churchyard - Great North Door)
5165.03	A.2 (Paul's Churchyard - Great North Door)
5046	B (Paul's Churchyard - Unlocated)
5146.04	A.2 (Paul's Churchyard - Great North Door)
5146.05	A.2 (Paul's Churchyard - Great North Door)
5147.01	D.5 (Newgate Without - Holborn Conduit)
5147.04	W.9 (Fleet St. - St. Dunstan's Church / Clifford's Inn)
5148.06	W.9 (Fleet St. - St. Dunstan's Church / Clifford's Inn)
5148.07	W.9 (Fleet St. - St. Dunstan's Church / Clifford's Inn)
5148.01	A.3 (Paul's Churchyard - Northeast)
5148.03	A.6 (Paul's Churchyard - East)
5148.04	Q.3 (Ludgate - Within)
5148.08	X.10 (Westminster - Britain's Burse)
5117	B (Paul's Churchyard - Unlocated)
5117	Oxford
5153.02	W.9 (Fleet St. - St. Dunstan's Church / Clifford's Inn)
5153.03	W.9 (Fleet St. - St. Dunstan's Church / Clifford's Inn)
5153.04	W.9 (Fleet St. - St. Dunstan's Church / Clifford's Inn)
5153.05	W.9 (Fleet St. - St. Dunstan's Church / Clifford's Inn)
5155.01	A.2 (Paul's Churchyard - Great North Door)
5155.01	A.3 (Paul's Churchyard - Northeast)
5155.02	A.2 (Paul's Churchyard - Great North Door)
5155.02	A.3 (Paul's Churchyard - Northeast)
5165.01	A.2 (Paul's Churchyard - Great North Door)
5155.03	A.2 (Paul's Churchyard - Great North Door)
5155.03	A.3 (Paul's Churchyard - Northeast)
5155.04	A.2 (Paul's Churchyard - Great North Door)
5155.04	A.3 (Paul's Churchyard - Northeast)
5155.05	A.2 (Paul's Churchyard - Great North Door)
5155.05	A.3 (Paul's Churchyard - Northeast)
5155.06	A.2 (Paul's Churchyard - Great North Door)
5155.06	A.3 (Paul's Churchyard - Northeast)
5157	X.10 (Westminster - Britain's Burse)
5157.02	X.10 (Westminster - Britain's Burse)
5158.01	A.2 (Paul's Churchyard - Great North Door)
5158.02	A.2 (Paul's Churchyard - Great North Door)
5161	A.2 (Paul's Churchyard - Great North Door)
5162	A.2 (Paul's Churchyard - Great North Door)
5169.01	W.13 (Fleet St. - Middle Temple)
5169.02	W.13 (Fleet St. - Middle Temple)
5169.03	W.13 (Fleet St. - Middle Temple)
5170	A.2 (Paul's Churchyard - Great North Door)
5170.01	A.2 (Paul's Churchyard - Great North Door)
5170.02	A.2 (Paul's Churchyard - Great North Door)
5171	A.2 (Paul's Churchyard - Great North Door)
5131	T.1 (Thames St. 3 - Cannon St.)
5131.01	T.1 (Thames St. 3 - Cannon St.)
5176	Oxford
5179.02	A.7 (Paul's Churchyard - Southeast)
5180	A.7 (Paul's Churchyard - Southeast)
5139.01	A.2 (Paul's Churchyard - Great North Door)
5139.03	A.2 (Paul's Churchyard - Great North Door)
5139.02	A.2 (Paul's Churchyard - Great North Door)
5140.04	A.2 (Paul's Churchyard - Great North Door)
5182.03	C.3 (Newgate Within - Ivy Lane)
5182.04	A.3 (Paul's Churchyard - Northeast)
5182.04	C.3 (Newgate Within - Ivy Lane)
5182.05	A.3 (Paul's Churchyard - Northeast)
5182.05	C.3 (Newgate Within - Ivy Lane)
5182.06	C.3 (Newgate Within - Ivy Lane)
5181	B (Paul's Churchyard - Unlocated)
971	X.16 (Westminster - King St.)
971	X.17 (Westminster - Westminster Hall)
757	X.10 (Westminster - Britain's Burse)
759	X.10 (Westminster - Britain's Burse)
959	W.10e (Fleet St. - Chancery Lane near Rolls)
961	W.10e (Fleet St. - Chancery Lane near Rolls)
5159	A.2 (Paul's Churchyard - Great North Door)
5159	W.9 (Fleet St. - St. Dunstan's Church / Clifford's Inn)
5160	A.2 (Paul's Churchyard - Great North Door)
5160	W.9 (Fleet St. - St. Dunstan's Church / Clifford's Inn)
1108	A.3 (Paul's Churchyard - Northeast)
1185	Oxford
5172	A.3 (Paul's Churchyard - Northeast)
5016	A.3 (Paul's Churchyard - Northeast)
5016.01	A.3 (Paul's Churchyard - Northeast)
5011	W.9 (Fleet St. - St. Dunstan's Church / Clifford's Inn)
5012	W.9 (Fleet St. - St. Dunstan's Church / Clifford's Inn)
5013	W.9 (Fleet St. - St. Dunstan's Church / Clifford's Inn)
135	O.8 (Royal Exchange - South Entrance)
5020	A.2 (Paul's Churchyard - Great North Door)
510	W.9 (Fleet St. - St. Dunstan's Church / Clifford's Inn)
5126.02	X.15 (Westminster - Whitehall)
708	W.9 (Fleet St. - St. Dunstan's Church / Clifford's Inn)
791	C.8 (Newgate Within - Swan Yard)
5108	A.2 (Paul's Churchyard - Great North Door)
5110	A.2 (Paul's Churchyard - Great North Door)
914	A.2 (Paul's Churchyard - Great North Door)
916	X.12 (Westminster - York House)
5123	A.9 (Paul's Churchyard - Little South Door / Paul's Chain)
5182.01	C.3 (Newgate Within - Ivy Lane)
1213	W.13 (Fleet St. - Middle Temple)
5176.02	Oxford
5176.04	Oxford
5156	A.2 (Paul's Churchyard - Great North Door)
5156	A.3 (Paul's Churchyard - Northeast)
5156.02	A.2 (Paul's Churchyard - Great North Door)
5156.01	A.2 (Paul's Churchyard - Great North Door)
5080	A.5 (Paul's Churchyard - Cheap Gate Area)
125	D.8 (Newgate Without - St. Sepulchre's Church)
5177	Oxford
5178	Oxford
5183	A.2 (Paul's Churchyard - Great North Door)
5140	A.2 (Paul's Churchyard - Great North Door)
827	V.8 (Holborn - Furnival's Inn)
829	V.8 (Holborn - Furnival's Inn)
917	A.2 (Paul's Churchyard - Great North Door)
5071	X.10 (Westminster - Britain's Burse)
465	W.13 (Fleet St. - Middle Temple)
467	W.13 (Fleet St. - Middle Temple)
136	A.6 (Paul's Churchyard - East)
5149.01	A.2 (Paul's Churchyard - Great North Door)
5149.02	A.2 (Paul's Churchyard - Great North Door)
5149.03	O.7 (Royal Exchange - Castle Tavern)
5149.04	O.7 (Royal Exchange - Castle Tavern)
5149.05	O.7 (Royal Exchange - Castle Tavern)
5149.06	W.9 (Fleet St. - St. Dunstan's Church / Clifford's Inn)
5149.07	W.10b (Fleet St. - Chancery Lane End)
596	V.2 (Holborn - Holborn Bridge)
502	A.6 (Paul's Churchyard - East)
5046	A.3 (Paul's Churchyard - Northeast)