3	Walley, John
19	Kitson, Anthony
22	Walley, John
25	Walley, John
32	Peele, Stephen
37	Walley, John
42	Buck, George
5004	White, Edward (1)
50	Pickering, William
50	Hacket, Thomas
61	Perrin, John
71	Hacket, Thomas
82	Jones, Richard
91	Veale, Abraham
94	Jones, Richard
96	Barker, Christopher
97	Barker, Christopher
99	Hunter, John
98	Barker, Christopher
111	Cadman, Thomas
112	Cadman, Thomas
113	Broome, William
115	Cadman, Thomas
116	Cadman, Thomas
117	Cadman, Thomas
118	Broome, William
121	Hacket, Thomas
123	Cadman, Thomas
126	Woodcock, Thomas
127	White, Edward (1)
128	Jones, Richard
129	White, Edward (1)
130	White, Edward (1)
5020.01	Ponsonby, William
133	Broome, Joan
134	Wright, William (1)
140	Broome, Joan
141	Broome, Joan
142	White, Edward (1)
143	White, Edward (1)
5024.01	Ponsonby, William
146	Ponsonby, William
147	White, Edward (1)
148	White, Edward (1)
149	White, Edward (1)
150	White, Edward (1)
153	Pavier, Thomas
154	Pavier, Thomas
156	White, John
156	Langley, Thomas
158	Langley, Thomas
161	Grove, Francis
164	Newman, Thomas (1)
164	Winnington, John
165	Wright, John (1)
167	Pavier, Thomas
169	Ling, Nicholas
169	Busby, John (1)
170	Ling, Nicholas
172	White, Edward (1)
173	White, Edward (1)
176	Pavier, Thomas
179	Millington, Thomas
180	Millington, Thomas
183	Ling, Nicholas
184	Smethwick, John
185	White, Edward (1)
189	Burby, Cuthbert
190	Burby, Cuthbert
191	Burby, Cuthbert
192	Burby, Cuthbert
193	Burby, Cuthbert
195	Bankworth, Richard
196	Woodcock, Thomas
197	Jones, William (2)
198	Jones, William (2)
199	Barnes, Roger
200	Barnes, Roger
201	Bell, Henry
202	Bell, Henry
204	Sergier, Richard (2)
204	Crooke, John (1)
205	Blackwall, William
206	Waterson, Simon
207	White, Edward (1)
212	Millington, Thomas
213	Millington, Thomas
214	Burby, Cuthbert
215	Burby, Cuthbert
216	Burby, Cuthbert
217	Wise, Andrew
218	Wise, Andrew
219	Wise, Andrew
220	Law, Matthew
221	Law, Matthew
222	Law, Matthew
225	Wise, Andrew
226	Wise, Andrew
227	Wise, Andrew
234	Burby, Cuthbert
235	Smethwick, John
236	Smethwick, John
237	Smethwick, John
238	Smethwick, John
239	Jones, William (2)
302	Pavier, Thomas
241	Wise, Andrew
242	Wise, Andrew
243	Law, Matthew
244	Law, Matthew
245	Law, Matthew
249	Jones, William (2)
250	Ponsonby, William
251	Ponsonby, William
256	Burby, Cuthbert
257	Smethwick, John
258	Jones, William (2)
259	Jones, William (2)
260	Jones, William (2)
261	Jones, William (2)
262	Jones, William (2)
263	Jones, William (2)
265	Wright, John (1)
266	Wright, John (1)
267	Wright, John (1)
268	Wright, John (1)
269	Wright, John (1)
270	Wright, John (1)
271	Wright, John (1)
272	Wright, John (1)
273	Coles, Francis
274	Aspley, William
277	Burby, Cuthbert
281	Hunt, Joseph
281	Ferbrand, William
282	Ferbrand, William
283	Aspley, William
284	Holme, William (3)
285	Holme, William (3)
286	Ling, Nicholas
287	Oliffe, Richard
288	Millington, Thomas
288	Busby, John (1)
289	Pavier, Thomas
290	Pavier, Thomas
291	Pavier, Thomas
292	Pavier, Thomas
293	Wise, Andrew
293	Aspley, William
294	Wise, Andrew
294	Aspley, William
295	Wise, Andrew
295	Aspley, William
296	Oliffe, Richard
297	Fisher, Thomas
299	Oliffe, Richard
300	Hawkins, Richard
301	Hayes, Thomas
303	Hayes, Lawrence
304	Leake, William (2)
305	Burre, Walter
306	Ferbrand, William
308	Wright, John (1)
309	Wright, John (1)
310	Wright, John (1)
311	Wright, John (1)
312	Gilbertson, William
313	Burre, Walter
314	Oliffe, Richard
315	Knight, Philip
316	Fosbrooke, Nathaniel
317	Wood, William
318	Leake, William (1)
319	Leake, William (1)
320	Burre, Walter
321	Burre, Walter
322	Law, Matthew
323	Waterson, Simon
326	Fisher, Thomas
327	Lownes, Matthew
329	Johnson, Arthur
324	Sheares, William (1)
325	Fisher, Thomas
325	Lownes, Matthew
328	Johnson, Arthur
330	Meighen, Richard
331	Rocket, Henry
332	Jones, William (2)
334	Vincent, George (1)
335	Law, Matthew
336	Law, Matthew
337	Law, Matthew
338	Law, Matthew
339	Law, Matthew
342	Ferbrand, William
343	White, Edward (1)
344	White, Edward (1)
369	Bushell, Thomas
370	Wright, John (1)
371	Wright, John (1)
346	Blount, Edward
347	Ling, Nicholas
347	Trundle, John
348	Ling, Nicholas
349	Ling, Nicholas
350	Smethwick, John
351	Smethwick, John
352	Smethwick, John
353	Rocket, Henry
356	Man, Thomas (2)
357	Man, Thomas (2)
359	Aspley, William
360	Aspley, William
361	Aspley, William
362	Hodgets, John
363	Hodgets, John
364	Hodgets, John
365	Basse, Robert
367	Basse, Robert
366	Basse, Robert
372	Wright, John (1)
373	Wright, John (1)
374	Wright, John (1)
375	Wright, John (1)
376	Wright, John (1)
377	Wright, John (1)
378	White, Edward (1)
380	Waterson, Simon
240	Wise, Andrew
383	Butter, Nathaniel
384	Butter, Nathaniel
385	Pavier, Thomas
386	Butter, Nathaniel
387	Butter, Nathaniel
388	Butter, Nathaniel
389	Butter, Nathaniel
390	Wright, John (1)
391	Hodgets, John
392	Butter, Nathaniel
393	Butter, Nathaniel
394	Butter, Nathaniel
395	Pavier, Thomas
396	Pavier, Thomas
397	Butter, Nathaniel
398	Butter, Nathaniel
399	Butter, Nathaniel
400	Butter, Nathaniel
401	Thorpe, Thomas
402	Aspley, William
403	Aspley, William
404	Aspley, William
405	Aspley, William
407	Thorpe, Thomas
408	Pavier, Thomas
409	Pavier, Thomas
410	Butter, Nathaniel
411	Waterson, Simon
411	Blount, Edward
412	Butter, Nathaniel
413	Butter, Nathaniel
414	Butter, Nathaniel
415	Butter, Nathaniel
416	Butter, Nathaniel
417	Wright, John (1)
418	Wright, John (1)
419	Thorpe, Thomas
420	Waterson, Simon
421	Blount, Edward
422	Perry, Hugh
423	Perry, Hugh
424	Perry, Hugh
425	Trundle, John
426	Cotton, William
427	Cotton, William
430	Wright, John (1)
431	Fosbrooke, Nathaniel
431	Wright, John (1)
432	Fosbrooke, Nathaniel
432	Wright, John (1)
434	Knight, Clement
435	Knight, Clement
436	Knight, Clement
437	Knight, Thomas
438	Knight, Thomas
439	Alchorn, Thomas
441	Gilbertson, William
442	Trundle, John
444	Sheares, William (1)
445	Holme, William (3)
446	Holme, William (3)
447	Holme, William (3)
448	Holme, William (3)
449	Thorpe, Thomas
450	Browne, John (1)
451	Waterson, Simon
452	Waterson, Simon
453	Waterson, Simon
454	Waterson, Simon
455	Waterson, Simon
456	Miller, Simon
457	Miller, Simon
458	Burton, Francis
459	Burton, Francis
460	Butter, Nathaniel
461	Rocket, Henry
464	Johnson, Arthur
465	Meighen, Richard
466	Johnson, Arthur
467	Meighen, Richard
470	Moseley, Humphrey
471	Moseley, Humphrey
472	Aspley, William
473	Aspley, William
474	Lunne, Robert
475	Lunne, Robert
476	Lunne, Robert
477	Kirton, Joshua
478	Johnson, Arthur
479	Johnson, Arthur
480	Johnson, Arthur
481	Meighen, Richard
482	Wright, John (1)
484	Vincent, George (1)
485	Vincent, George (1)
486	Thrale, Richard
486	Vincent, George (2)
483	Wright, John (1)
487	Thrale, Richard
490	Thorpe, Thomas
493	Wright, John (1)
494	Wright, John (1)
495	Burton, Francis
496	Butter, Nathaniel
497	Butter, Nathaniel
498	Butter, Nathaniel
499	Archer, Thomas
500	Archer, Thomas
504	Thorpe, Thomas
528	Butter, Nathaniel
529	Butter, Nathaniel
505	Thorpe, Thomas
508	Langley, Thomas
509	Helme, John
511	Johnson, Arthur
512	Johnson, Arthur
513	Johnson, Arthur
514	Faulkner, Francis
515	Faulkner, Francis
516	Gilbertson, William
517	Butter, Nathaniel
518	Butter, Nathaniel
518	Pavier, Thomas
520	Bonian, Richard
521	Moore, Richard
522	Helme, John
523	Pavier, Thomas
524	Pavier, Thomas
525	Busby, John (1)
526	Busby, John (1)
527	Butter, Nathaniel
530	Burre, Walter
531	Spencer, John
532	Bache, John
533	Bache, John
534	Bache, John
535	Sheares, William (1)
536	Butter, Nathaniel
537	Butter, Nathaniel
538	Bonian, Richard
538	Walley, Henry
539	Bonian, Richard
539	Walley, Henry
540	Bonian, Richard
540	Walley, Henry
541	Sutton, Bartholomew
542	Sutton, Bartholomew
542	Barrenger, William
543	Sutton, Bartholomew
543	Barrenger, William
545	Archer, Thomas
546	Gosson, Henry
547	Gosson, Henry
549	Bird, Robert
550	Bird, Robert
552	Archer, Thomas
553	Busby, John (2)
554	Faulkner, Francis
555	Bonian, Richard
555	Walley, Henry
556	Meighen, Richard
557	Meighen, Richard
558	Bedell, George
558	Collins, Thomas (1)
559	Browne, John (1)
560	Fosbrooke, Nathaniel
561	Thorpe, Thomas
5071.01	Budge, John
562	Wilson, Robert
563	Wilson, Robert
564	Wilson, Robert
565	Stepneth, John
565	Redmer, Richard
566	Stepneth, John
566	Redmer, Richard
567	Barrenger, William
570	Burre, Walter
571	Spencer, John
573	Browne, John (1)
572	Spencer, John
574	Archer, Thomas
575	Budge, John
576	Barrenger, William
577	Browne, John (1)
579	Burre, Walter
582	Trundle, John
583	Archer, Thomas
584	Perry, Hugh
586	Hawkins, Richard
587	Hawkins, Richard
609	Redmer, Richard
611	Trundle, John
612	Dewe, Thomas
588	Norton, George
589	Norton, George
590	Norton, George
591	Norton, George
592	Norton, George
595	Rand, Samuel
597	Barnes, Roger
598	Barnes, Roger
599	Archer, Thomas
600	Archer, Thomas
601	Archer, Thomas
602	Perry, Hugh
603	Perry, Hugh
604	Burre, Walter
605	Spencer, John
607	Wilson, Robert
608	Wilson, Robert
614	Lisle, Laurence
615	Lisle, Laurence
616	Constable, Francis
617	Partrich, Miles
618	Partrich, Miles
619	Lownes, Robert
620	Harrison, Josias
621	Jones, Thomas (2)
623	Harrison, Josias
624	Harrison, Josias
625	Burre, Walter
626	Burre, Walter
629	Meighen, Richard
629	Jones, Thomas (2)
697	Jones, Thomas (2)
698	Jones, Thomas (2)
699	Jones, Thomas (2)
631	Wright, John (1)
633	Partrich, Miles
634	Partrich, Miles
635	Jones, Thomas (2)
637	Wilson, Robert
638	Moseley, Humphrey
640	Moseley, Humphrey
639	Moseley, Humphrey
643	Norton, John (2)
340	Norton, John (2)
645	Woodroffe, Richard
646	Woodroffe, Richard
647	Archer, Thomas
653	Parker, John
654	Meighen, Richard
650	Trundle, John
651	Trundle, John
652	Dewe, Thomas
657	Walbancke, Matthew
658	Walbancke, Matthew
659	Walbancke, Matthew
660	Higgenbotham, Richard (2)
661	Constable, Francis
662	Constable, Francis
663	Hawkins, Richard
664	Shepherd, Henry
665	Leake, William (2)
666	Leake, William (2)
667	Leake, William (2)
668	Browne, John (1)
694	Walkley, Thomas
695	Hawkins, Richard
696	Leake, William (2)
670	Walkley, Thomas
671	Walkley, Thomas
672	Hawkins, Richard
673	Leake, William (2)
674	Leake, William (2)
676	Meighen, Richard
677	Walkley, Thomas
678	Walkley, Thomas
679	Walkley, Thomas
680	Hawkins, Richard
681	Hawkins, Richard
682	Leake, William (2)
683	Leake, William (2)
684	Leake, William (2)
685	Leake, William (2)
686	Chapman, Laurence
691	Walkley, Thomas
692	Moseley, Humphrey
693	Moseley, Humphrey
690	Gosson, Henry
703	Rhodes, Matthew
704	Rhodes, Matthew
706	Jones, Thomas (2)
707	Jones, Thomas (2)
710	Blackmore, Edward
711	Blackmore, Edward
894	Hardesty, John
902	Walkley, Thomas
1070	Baker, John (1)
1070	Crooke, John (1)
1071	Crooke, John (1)
1071	Playford, John (1)
713	Grismand, John (1)
714	Waterson, John
715	Benson, John
716	Waterson, John
716	Benson, John
718	Blackmore, Edward
718	Harrison, John (4)
719	Blackmore, Edward
720	Harrison, John (4)
722	Jones, Thomas (2)
723	Jones, Thomas (2)
731	Lee, William (2)
730	Milbourne, Robert
732	Marriot, John
734	Seile, Henry
735	Seile, Henry
737	Moore, Richard
738	Rhodes, Matthew
739	Moseley, Humphrey
740	Allott, Robert
741	Allott, Robert
742	Grove, John
743	Grove, John
808	Perry, Hugh
808	Sheares, William (1)
809	Sheares, William (1)
744	Leake, William (2)
745	Grove, John
746	Grove, John
747	Grove, John
748	Waterson, John
749	Waterson, John
750	Grove, John
751	Leake, William (2)
752	Waterson, John
753	Constable, Francis
754	Constable, Francis
755	Butter, Nathaniel
756	Walkley, Thomas
758	Walkley, Thomas
760	Walkley, Thomas
761	Perry, Hugh
767	Alchorn, Thomas
768	Sheares, William (1)
764	Seile, Henry
765	Constable, Francis
766	Constable, Francis
773	Royston, Richard
774	Royston, Richard
775	Meighen, Richard
759	Walkley, Thomas
778	Sparke, Michael (1)
890	Cooke, William
893	Crooke, Andrew (1)
895	Hardesty, John
779	Sparke, Michael (1)
780	Fisher, Benjamin
781	Emery, Jasper
782	Walkley, Thomas
783	Allott, Robert
784	Allott, Robert
785	Baker, George
785	Allott, Robert
787	Meighen, Richard
788	Waterson, John
789	Constable, Francis
790	Grove, John
792	Cooke, William
794	Constable, Francis
795	Robinson, Humphrey
804	Royston, Richard
805	Allott, Robert
806	Allott, Robert
810	Cooke, William
811	Seile, Henry
1072	Crooke, John (1)
1072	Playford, John (1)
1075	Heath, Thomas
1077	Marriot, Richard
812	Vavasour, Nicholas
813	Sheares, William (1)
814	Cooke, William
815	Beeston, Hugh
816	Cooke, William
817	Beeston, Hugh
818	Meighen, Richard
819	Allott, Robert
822	Meighen, Richard
823	Collins, Richard
824	Collins, Richard
826	Cooke, William
828	Cooke, William
832	Vavasour, Nicholas
835	Waterson, John
836	Church, Francis
836	Jackson, John (2)
837	Fisher, Benjamin
830	Cooke, William
831	Cooke, William
833	Beeston, Hugh
834	Beeston, Hugh
839	Walkley, Thomas
840	Walkley, Thomas
841	Walkley, Thomas
842	Cooke, William
843	Benson, John
845	Royston, Richard
846	Meighen, Richard
847	Sheares, William (1)
849	Crouch, John
866	Moseley, Humphrey
869	Becket, James
891	Crooke, Andrew (1)
850	Crouch, John
851	Crouch, John
914	Moseley, Humphrey
5108	Greene, Charles
853	Marriot, John
854	Meighen, Richard
855	Meighen, Richard
856	Meighen, Richard
857	Vavasour, Nicholas
863	Greene, Charles
864	Greene, Charles
865	Waterson, John
865	Benson, John
867	Moseley, Humphrey
868	Waterson, John
868	Benson, John
870	Cooke, William
870	Crooke, Andrew (1)
871	Cooke, William
871	Crooke, Andrew (1)
872	Cooke, William
872	Crooke, Andrew (1)
873	Waterson, John
874	Cooke, William
874	Crooke, Andrew (1)
876	Cooke, William
876	Crooke, Andrew (1)
877	Robinson, Humphrey
878	Walkley, Thomas
879	Moseley, Humphrey
880	Walkley, Thomas
881	Walkley, Thomas
883	Seile, Henry
887	Colby, John
888	Colby, John
889	Shepherd, Henry
892	Cooke, William
1144	Kirkman, Francis
898	Seile, Henry
899	Greene, Charles
903	Moseley, Humphrey
904	Walkley, Thomas
905	Moseley, Humphrey
906	Greene, Charles
1165	Place, William
1166	Place, John (1)
1167	Burden, William
1167	Collins, Thomas (1)
911	Cooke, William
911	Crooke, Andrew (1)
912	Cooke, William
912	Crooke, Andrew (1)
913	Walkley, Thomas
915	Walkley, Thomas
918	Shepherd, Henry
919	Moseley, Humphrey
920	Pakeman, Daniel
921	Pakeman, Daniel
922	Waterson, John
923	Waterson, John
928	Blunden, Humphrey
935	Allott, Thomas
935	Crooke, John (1)
930	Cooke, William
931	Cooke, William
932	Cooke, William
932	Crooke, Andrew (1)
933	Hutton, George
934	Hutton, George
58	Colwell, Thomas
940	Davis, Richard
941	Young, Michael
942	Robinson, Thomas
943	Robinson, Thomas
944	Walkley, Thomas
945	Cooke, William
945	Crooke, Andrew (1)
946	Crooke, Andrew (1)
972	Cooke, William
973	Cooke, William
974	Crooke, Andrew (1)
947	Cooke, William
947	Crooke, Andrew (1)
948	Cooke, William
948	Crooke, Andrew (1)
949	Crooke, Andrew (1)
950	Crooke, Andrew (1)
951	Blaiklock, Lawrence
952	Cooke, William
953	Frere, Daniel
963	Frere, Daniel
964	Frere, Daniel
966	Eglesfield, Francis
966	Williams, John (1)
967	Leake, William (2)
968	Leake, William (2)
969	Constable, Francis
970	Constable, Francis
975	Crooke, Andrew (1)
976	Constable, Francis
977	Constable, Francis
978	Whitaker, Richard
979	Whitaker, Richard
980	Wilson, Anne
981	Cartwright, Samuel
983	Browne, Samuel
984	Becket, James
987	Eglesfield, Francis
987	Williams, John (1)
988	Lee, William (2)
1068	Moseley, Humphrey
1069	Moseley, Humphrey
994	Eglesfield, Francis
995	Moseley, Humphrey
996	Moseley, Humphrey
997	Walkley, Thomas
998	Field, John
1000	Moseley, Humphrey
1002	Moseley, Humphrey
1003	Moseley, Humphrey
1004	Moseley, Humphrey
1006	Moseley, Humphrey
1009	Roper, Abel (1)
1015	Davis, Richard
1016	Davis, Richard
1017	Davis, Richard
1023	Moseley, Humphrey
1063	Eglesfield, Thomas
1065	Tey, John
1066	Tey, John
1067	Chatfield, Stephen
1036	Moseley, Humphrey
1036	Robinson, Humphrey
1037	Meighen, Mercy
1037	Bedell, Gabriel
1037	Collins, Thomas (1)
1044	G., J.
1044	B., G.
1045	Royston, Richard
1046	Royston, Richard
1047	G., W.
1048	Moseley, Humphrey
1049	Holden, John
1050	Holden, John
1051	Tey, John
1052	Lloyd, Lodowick
1052	Cripps, Henry (2)
1053	Boddington, George
1054	Lee, William (3)
1055	Sweeting, John
1057	Horton, George
1061	Meighen, Mercy
1061	Bedell, Gabriel
1061	Collins, Thomas (1)
5011	Marsh, Thomas
1058	Meighen, Mercy
1058	Bedell, Gabriel
1058	Collins, Thomas (1)
1059	Moseley, Humphrey
1060	Moseley, Humphrey
1062	Dod, Edward
1062	Ekins, Nathaniel
1073	Marriot, John
1074	Penneycuicke, Andrew
1076	Heath, Thomas
1078	Marriot, Richard
1078	Dring, Thomas (1)
1079	Marriot, Richard
1079	Dring, Thomas (1)
1080	Moseley, Humphrey
1080	Robinson, Humphrey
1081	Moseley, Humphrey
1081	Robinson, Humphrey
1168	Dring, Thomas (1)
1169	Starkey, John
1170	Herringman, Henry
1171	Miller, Simon
1082	Moseley, Humphrey
1082	Robinson, Humphrey
1083	Moseley, Humphrey
1083	Robinson, Humphrey
1084	Moseley, Humphrey
1084	Robinson, Humphrey
1085	Moseley, Humphrey
1085	Robinson, Humphrey
1086	Moseley, Humphrey
1087	Moseley, Humphrey
1088	Marriot, Richard
1089	Marriot, Richard
1090	Marriot, Richard
1091	Moseley, Humphrey
1092	Marriot, Richard
1093	Marriot, Richard
1095	Moseley, Humphrey
1097	Meighen, Mercy
1097	Bedell, Gabriel
1097	Collins, Thomas (1)
1098	Sheares, William (1)
1102	Sweeting, John
1102	Pollard, Robert
1099	Heath, Thomas
1103	Sweeting, John
1103	Pollard, Robert
1104	Sweeting, John
1104	Pollard, Robert
1105	Sweeting, John
1105	Pollard, Robert
1159	Penneycuicke, Andrew
1158	Penneycuicke, Andrew
1157	Penneycuicke, Andrew
1156	Penneycuicke, Andrew
1106	Moseley, Humphrey
1106	Dring, Thomas (1)
1107	Crooke, Andrew (1)
1109	Twyford, Henry
1109	Brookes, Nathaniel
1109	Place, John (1)
1110	Moseley, Humphrey
1111	Moseley, Humphrey
1113	Penneycuicke, Andrew
1114	Moseley, Humphrey
1115	Moseley, Humphrey
1116	Bedell, George
1116	Collins, Thomas (1)
1117	Rogers, Richard
1117	Lee, William (3)
1118	Bedell, George
1118	Collins, Thomas (1)
1119	Herringman, Henry
1120	Herringman, Henry
1121	Herringman, Henry
1122	Brookes, Nathaniel
1123	Bedell, George
1123	Collins, Thomas (1)
1124	Archer, Edward
1125	Penneycuicke, Andrew
1130	Penneycuicke, Andrew
1131	Penneycuicke, Andrew
5166	Vere, Thomas
5167	Vere, Thomas
5168	Holland, Samuel
1132	Herringman, Henry
1133	Pridmore, Isaac
1134	Brome, Henry
1138	Crofts, Robert
1147	Moseley, Humphrey
1137	Jordan, Thomas
1139	Crofts, Robert
1143	Penneycuicke, Andrew
1145	Kirkman, Francis
5074.09	Lownes, Matthew
1148	Moseley, Humphrey
1149	Lewis, Stephen
1149	Lewis, Thomas
1150	Speed, Samuel
1151	Blackmore, Edward
1154	Herringman, Henry
1155	Penneycuicke, Andrew
1160	Penneycuicke, Andrew
1162	Herringman, Henry
1163	Webb, Charles
1173	Pollard, Robert
1173	Dring, Thomas (1)
1174	Gilbertson, William
1174	Vere, Thomas
1178	Brome, Henry
1178	Crooke, Andrew (1)
1179	Starkey, John
1180	Bellinger, John
1186	Blount, Edward
1190	Blount, Edward
1193	Spencer, John
1195	Spencer, John
1195	Emerson, Godfrey
1198	Milbourne, Robert
1199	Thrale, Richard
1200	Crooke, Andrew (1)
1203	Spencer, John
1205	Robinson, Humphrey
1206	Seile, Henry
1207	Harper, Thomas
1209	Penneycuicke, Andrew
1212	Bedell, George
1212	Collins, Thomas (1)
5006	Smith, Richard
5007	Smith, Richard
5008	Smith, Richard
5014	Jones, Richard
5021	Clarke, Sampson
5018	Jones, Richard
5027	Waterson, Simon
67	Colwell, Thomas
5028	Waterson, Simon
5028.01	Waterson, Simon
5029	Waterson, Simon
5029.01	Waterson, Simon
5030	Ponsonby, William
68	Colwell, Thomas
5047	Waterson, Simon
5047.01	Waterson, Simon
5048	Oxonbridge, John
5049	Oxonbridge, John
5049	Lownes, Humphrey (1)
5016.01	Perrin, John
69	Colwell, Thomas
5054	Waterson, Simon
5055	Waterson, Simon
5060	Blount, Edward
5060.02	Blount, Edward
81	Colwell, Thomas
5059	Blount, Edward
5063	Waterson, Simon
5063.02	Waterson, Simon
5063.02	Blount, Edward
5050	Fosbrooke, Nathaniel
5032	Waterson, Simon
83	Colwell, Thomas
5033	Lownes, Matthew
5159	Moseley, Humphrey
5061	Blount, Edward
5061.01	Blount, Edward
5061.02	Blount, Edward
5061.03	Blount, Edward
5067	Blount, Edward
5067.01	Blount, Edward
5064	Waterson, Simon
5064.02	Waterson, Simon
5016	Perrin, John
5064.01	Waterson, Simon
5064.04	Waterson, Simon
5069	Thorpe, Thomas
5068	Thorpe, Thomas
95	Colwell, Thomas
354	Charteris, Robert
5058	Charteris, Robert
5022	Helme, John
5065	Waterson, Simon
5065.03	Waterson, Simon
5065.04	Waterson, Simon
5073	Budge, John
5065.01	Waterson, Simon
5065.02	Waterson, Simon
5065.05	Waterson, Simon
5066	Waterson, Simon
5034	Waterson, Simon
5035	Lownes, Matthew
5057	Charteris, Robert
5074.03	Smethwick, John
5074.04	Smethwick, John
5056	Charteris, Robert
73	Charlewood, John
5074.08	Lownes, Matthew
757	Walkley, Thomas
770	Harper, Thomas
5077	Pavier, Thomas
5070.02	Thorpe, Thomas
5023.02	Dewe, Thomas
5077.03	Pavier, Thomas
5023	Dewe, Thomas
5037	Waterson, Simon
5037	Lownes, Matthew
5038	Waterson, Simon
5039	Lownes, Matthew
5079	Waterson, Simon
5079.05	Waterson, Simon
5079.04	Waterson, Simon
5079.01	Waterson, Simon
5079.03	Waterson, Simon
5079.02	Waterson, Simon
5081	Blount, Edward
5081	Smethwick, John
5081	Jaggard, Isaac
5081	Aspley, William
5005.01	Day, John (1)
5114.03	Daniel, Roger
5076.02	Bishop, Richard
5076.01	Bishop, Richard
5076.03	Bishop, Richard
5076.10	Bishop, Richard
5076.11	Bishop, Richard
5076.04	Young, Robert
5076.05	Bishop, Richard
5076.06	Bishop, Richard
5076.09	Bishop, Richard
5076.08	Bishop, Richard
5076.07	Bishop, Richard
5051	Lownes, Humphrey (1)
5052	Lownes, Humphrey (1)
5053	Lownes, Humphrey (1)
861	Lichfield, Leonard
860	Lichfield, Leonard
862	Lichfield, Leonard
939	Lichfield, Leonard
936	Lichfield, Leonard
985	Lichfield, Leonard
1208	Lichfield, Leonard
1192	Legge, Cantrell
462	Legat, John (2)
961	Legat, John (2)
959	Legat, John (2)
957	Legat, John (2)
955	Legat, John (2)
960	Legat, John (2)
958	Legat, John (2)
956	Legat, John (2)
954	Legat, John (2)
13	Le Noir, Phillipe
44	King, John
46	King, John
92	Jugge, Richard
1201	Jones, William (3)
89	Jones, Richard
125	Jones, Richard
90	Jones, Richard
168	Jones, Richard
5017	Jones, Richard
5019	Jones, Richard
162	Jeffes, Abel
151	Jeffes, Abel
406	Jaggard, William
501	Jaggard, William
502	Jaggard, William
568	Jaggard, William
569	Jaggard, William
503	Jaggard, Isaac
101	Jackson, Hugh
63	Jackson, Hugh
107	Jackson, Hugh
280	Islip, Adam
999	Hearne, Richard
5118	Dawson, John (2)
211	Danter, John
188	Danter, John
171	Danter, John
166	Danter, John
229	Creede, Thomas
228	Creede, Thomas
175	Creede, Thomas
209	Creede, Thomas
208	Creede, Thomas
5040	Lownes, Matthew
5070	Thorpe, Thomas
5041	Waterson, Simon
5091	Marriot, John
5092	Marriot, John
5093	Allott, Robert
5097.01	Allott, Robert
5097.02	Allott, Robert
5097.04	Allott, Robert
5097.03	Allott, Robert
5094	Allott, Robert
72	Charlewood, John
5098.05	Blount, Edward
5098.06	Blount, Edward
5098	Blount, Edward
5098.03	Blount, Edward
5098.04	Blount, Edward
5098.02	Blount, Edward
5098.07	Blount, Edward
5098.08	Blount, Edward
5172	Kirton, Joshua
5082	Allott, Robert
5102	Sheares, William (1)
194	Creede, Thomas
174	Creede, Thomas
897	Cotes, Thomas
896	Cotes, Thomas
1164	Cotes, Ellen
763	Beale, John
762	Beale, John
5104.01	Beale, John
1064	Hunt, William (1)
355	Hart, Andro
1153	Mabb, Thomas
890	Crooke, Andrew (1)
807	Harper, Thomas
5106	Harper, Thomas
927	Harper, Thomas
924	Harper, Thomas
925	Harper, Thomas
926	Harper, Thomas
786	Harper, Thomas
59	Griffith, William
74	Griffith, William
463	Griffin, Anne
5175	Godbid, William
5174	Godbid, William
5173	Godbid, William
613	Flesher, Miles
1189	Mynne, Richard
1188	Flesher, Miles
358	Finlason, Thomas
488	Eld, George
5100	Marriot, John
5101	Seile, Henry
80	Bynneman, Henry
489	Eld, George
492	Eld, George
491	Eld, George
507	Eld, George
506	Eld, George
5078	Eld, George
5046	Dugard, William
5095	Dublin Society of Stationers
70	Denham, Henry
5036	Dublin Society of Stationers
60	Day, John (1)
5005	Day, John (1)
120	Danter, John
233	Danter, John
203	Creede, Thomas
210	Creede, Thomas
252	Creede, Thomas
255	Creede, Thomas
275	Creede, Thomas
276	Creede, Thomas
551	Cotes, Thomas
938	Cotes, Thomas
36	Copland, William
28	Copland, William
5003	Copland, William
45	Copland, William
52	Copland, William
26	Copland, William
39	Copland, William
53	Copland, William
66	Copland, William
35	Colwell, Thomas
56	Colwell, Thomas
55	Colwell, Thomas
62	Colwell, Thomas
776	Meighen, Richard
5156.01	Moseley, Humphrey
5156.02	Moseley, Humphrey
5156	Robinson, Humphrey
5156	Moseley, Humphrey
5176.04	Davis, Richard
1213	Collins, Thomas (1)
1213	Bedell, George
1204	Spencer, John
5182.01	Crooke, Andrew (1)
5182.01	Brome, Henry
1129	Penneycuicke, Andrew
1128	Penneycuicke, Andrew
1127	Penneycuicke, Andrew
1126	Penneycuicke, Andrew
5123	Benson, John
5122	Benson, John
982	Cartwright, Samuel
916	Walkley, Thomas
848	Sheares, William (1)
5083	Allott, Robert
5084	Aspley, William
5102.02	Sheares, William (1)
5102.03	Sheares, William (1)
5085	Hawkins, Richard
5086	Meighen, Richard
5087	Smethwick, John
5088	Allott, Robert
5089	Allott, Robert
105	Bynneman, Henry
5103	Sheares, William (1)
5102.11	Sheares, William (1)
5102.12	Sheares, William (1)
5102.09	Sheares, William (1)
5102.10	Sheares, William (1)
5102.04	Sheares, William (1)
5102.05	Sheares, William (1)
5102.06	Sheares, William (1)
5102.07	Sheares, William (1)
5102.08	Sheares, William (1)
5044	Waterson, Simon
5044	Young, Robert
5104	Allott, Robert
5096	Allott, Robert
5105	Hearne, Richard
5111	Bowman, Francis
5107	Greene, Charles
5111.01	Bowman, Francis
5111.02	Bowman, Francis
5045	Waterson, John
5045	Young, Robert
5119	Sergier, Richard (2)
5119	Crooke, John (1)
5118.01	Greene, Charles
5118.02	Greene, Charles
5118.03	Greene, Charles
5118.05	Greene, Charles
5118.09	Blaiklock, Lawrence
5118.10	Frere, Daniel
5126	Walkley, Thomas
5126.01	Walkley, Thomas
5124	Meighen, Richard
5124	Walkley, Thomas
5125	Walkley, Thomas
104	Bynneman, Henry
5120	Benson, John
5120.01	Benson, John
5133	Moseley, Humphrey
106	Bynneman, Henry
5134	Moseley, Humphrey
5134.01	Moseley, Humphrey
5121	Benson, John
5120.02	Benson, John
5159	Dring, Thomas (1)
5112	Bowman, Francis
5112.01	Bowman, Francis
5112.02	Bowman, Francis
5113	Bowman, Francis
5130	Best, Richard
5130.01	Best, Richard
5132	Crooke, Andrew (1)
5132.01	Crooke, Andrew (1)
5132.02	Crooke, Andrew (1)
5127	Walkley, Thomas
5127.01	Walkley, Thomas
5114.04	Royston, Richard
5114.02	Bowman, Francis
1202	Daniel, Roger
5135	Moseley, Humphrey
5135.01	Moseley, Humphrey
5135.02	Walkley, Thomas
5135.04	Moseley, Humphrey
5135.03	Moseley, Humphrey
5136	Moseley, Humphrey
5137	Moseley, Humphrey
5143	Moseley, Humphrey
5143	Robinson, Humphrey
5138.02	Moseley, Humphrey
1202	Buck, Thomas
1202	Buck, John
803	Daniel, Roger
802	Daniel, Roger
802	Buck, Thomas
5044	Downes, Thomas (1)
801	Cambridge University printers
829	Cooke, William
800	Buck, Thomas
1202	Cambridge University printers
827	Cooke, William
801	Buck, Thomas
801	Buck, John
800	Buck, John
802	Cambridge University printers
800	Cambridge University printers
1035	Browne, Samuel
1033	Robinson, Humphrey
1033	Moseley, Humphrey
1032	Robinson, Humphrey
1032	Moseley, Humphrey
110	Bradock, Richard
109	Bradock, Richard
1001	Bourke, Thomas
93	Bohmberg, Nikolaus (pseud?)
5076	Bishop, Richard
519	Bell, Jane
1140	Bell, Jane
5144	Crooke, Andrew (1)
5144.01	Crooke, Andrew (1)
5144.02	Crooke, Andrew (1)
5026	Barnes, Joseph
1184	Barnes, Joseph
1185	Barnes, Joseph
5025	Barnes, Joseph
20	Awdely, John
65	Awdely, John
178	Alsop, Bernard
253	Alsop, Bernard
254	Alsop, Bernard
655	Alsop, Bernard
700	Alsop, Bernard
49	Allde, John
76	Allde, John
29	Allde, John
77	Allde, John
54	Allde, John
88	Allde, John
187	Bell, Jane
186	Allde, Elizabeth
144	Allde, Elizabeth
145	Allde, Elizabeth
85	Allde, John
86	Allde, Edward
87	Allde, Edward
610	Allde, Edward
379	Allde, Edward
433	Allde, Edward
5013	Marsh, Thomas
5140	Moseley, Humphrey
5183	Moseley, Humphrey
5144.03	Crooke, Andrew (1)
5144.04	Crooke, Andrew (1)
5138	Moseley, Humphrey
5138.01	Moseley, Humphrey
5012	Marsh, Thomas
5177	Davis, Richard
5178	Davis, Richard
5157.02	Herringman, Henry
5155.06	Robinson, Humphrey
5155.05	Robinson, Humphrey
5155.04	Robinson, Humphrey
5155.03	Robinson, Humphrey
5138.03	Moseley, Humphrey
5145	Moseley, Humphrey
5145	Robinson, Humphrey
5145.02	Moseley, Humphrey
5128	Moseley, Humphrey
5128.01	Moseley, Humphrey
5129	Moseley, Humphrey
5146	Moseley, Humphrey
5146.02	Moseley, Humphrey
5146.02	Robinson, Thomas
5146.01	Moseley, Humphrey
5146.03	Moseley, Humphrey
5165.02	Moseley, Humphrey
5165.03	Moseley, Humphrey
5146.04	Moseley, Humphrey
5146.05	Moseley, Humphrey
5147.01	Jones, William (2)
5147.03	Thorpe, Thomas
5147.05	Thorpe, Thomas
5147.04	Holme, William (3)
5147.06	Aspley, William
5148.06	Fisher, Thomas
5148.06	Lownes, Matthew
5148.07	Fisher, Thomas
5148.01	Aspley, William
5148.03	Hodgets, John
5148.05	Cotton, William
5148.02	Thorpe, Thomas
5148.08	Perry, Hugh
264	Jones, William (2)
5097	Allott, Robert
5150	Blaiklock, Lawrence
5151	Hope, William
5153	Moseley, Humphrey
5153	Marriot, Richard
5153	Dring, Thomas (1)
5153.02	Marriot, Richard
5153.02	Dring, Thomas (1)
5153.03	Marriot, Richard
5153.03	Dring, Thomas (1)
5153.04	Marriot, Richard
5153.04	Dring, Thomas (1)
5153.05	Marriot, Richard
5153.05	Dring, Thomas (1)
5155	Moseley, Humphrey
5155	Robinson, Humphrey
5155.01	Moseley, Humphrey
5155.01	Robinson, Humphrey
5155.02	Moseley, Humphrey
5155.02	Robinson, Humphrey
5165	Moseley, Humphrey
5165.01	Moseley, Humphrey
5155.03	Moseley, Humphrey
5155.04	Moseley, Humphrey
5155.05	Moseley, Humphrey
5155.06	Moseley, Humphrey
5154	Flesher, James
5157	Herringman, Henry
5158	Moseley, Humphrey
5158.01	Moseley, Humphrey
5158.02	Moseley, Humphrey
5161	Moseley, Humphrey
5162	Moseley, Humphrey
5163	Cox, Robert
5164	Archer, Edward
440	Alchorn, Thomas
5080	Waterson, John
5169	Bedell, George
5169	Collins, Thomas (1)
5169.01	Bedell, George
5169.01	Collins, Thomas (1)
5169.02	Bedell, George
5169.02	Collins, Thomas (1)
5169.03	Bedell, George
5169.03	Collins, Thomas (1)
5170	Moseley, Humphrey
5170.01	Moseley, Humphrey
5170.02	Moseley, Humphrey
5171	Moseley, Humphrey
5171.01	Moseley, Humphrey
5171.02	Moseley, Humphrey
5131	Burden, William
5131.01	Burden, William
5176	Davis, Richard
298	Pavier, Thomas
5176.02	Davis, Richard
5179	Shirley, James
5179.02	Crooke, John (1)
5180	Crooke, John (1)
135	Clarke, Sampson
5139	Moseley, Humphrey
5139.01	Moseley, Humphrey
5139.03	Moseley, Humphrey
5139.02	Moseley, Humphrey
5140.04	Moseley, Humphrey
5182	Brome, Henry
5182	Crooke, Andrew (1)
1194	Spencer, John
1187	Blount, Edward
5182.03	Crooke, Andrew (1)
5182.04	Brome, Henry
5182.04	Crooke, Andrew (1)
5182.05	Brome, Henry
5182.05	Crooke, Andrew (1)
5182.06	Brome, Henry
5182.06	Crooke, Andrew (1)
5181	Crooke, John (1)
5021.02	Clarke, Sampson
5152	Hope, William
971	Constable, Francis
5160	Dring, Thomas (1)
5160	Moseley, Humphrey
1108	Crooke, Andrew (1)
329	Pavier, Thomas
791	Grove, John
708	Jones, Thomas (2)
5020	Ponsonby, William
5024	Ponsonby, William
5172.01	Whitaker, Richard
5172.02	Whitaker, Richard
510	Helme, John
5126.02	Walkley, Thomas
5173.02	Godbid, William
5173.03	Godbid, William
1172	Mabb, Thomas
1152	Mabb, Thomas
114	Marsh, Henry
5015	Marsh, Thomas
84	Marsh, Thomas
728	Masse, Jan (pseud)
636	Mathewes, Augustine
622	Mathewes, Augustine
793	Mathewes, Augustine
159	Mathewes, Augustine
160	Mathewes, Augustine
30	Middleton, William
27	Middleton, William
18	Middleton, William
5090	Miller, George
103	Mundee, Richard
103	Ward, Roger
248	Norton, John (2)
247	Norton, John (2)
859	Norton, John (2)
341	Norton, John (2)
231	Norton, John (2)
733	Norton, John (2)
733	Okes, Nicholas
962	Okes, John
937	Okes, John
910	Okes, John
909	Okes, John
886	Okes, John
884	Okes, John
885	Okes, John
882	Okes, John
875	Okes, John
628	Okes, Nicholas
368	Okes, Nicholas
627	Okes, Nicholas
820	Okes, Nicholas
796	Okes, Nicholas
799	Okes, Nicholas
798	Okes, Nicholas
797	Okes, Nicholas
632	Okes, Nicholas
777	Okes, Nicholas
736	Okes, Nicholas
729	Okes, Nicholas
721	Okes, Nicholas
712	Okes, Nicholas
705	Okes, Nicholas
689	Okes, Nicholas
669	Okes, Nicholas
656	Okes, Nicholas
649	Okes, Nicholas
5072.02	Okes, Nicholas
5072	Okes, Nicholas
594	Okes, Nicholas
606	Okes, Nicholas
593	Okes, Nicholas
578	Okes, Nicholas
838	Gosson, Henry
43	Payne, Richard
75	Purfoot, Thomas (1)
246	Purfoot, Thomas (2)
230	Purfoot, Thomas (2)
687	Purslowe, George
688	Purslowe, George
641	Purslowe, George
630	Purslowe, George
4	Pynson, Richard
5	Pynson, Richard
1176	Ramzey, John
1181	Ramzey, John
5000	Rastell, John
9	Rastell, John
11	Rastell, John
5001	Rastell, John
23	Rastell, William
5002	Rastell, William
5109	Dawson, John (2)
14	Rastell, William
15	Rastell, William
16	Rastell, William
17	Rastell, William
21	Rastell, William
858	Raworth, Robert
844	Raworth, Robert
821	Raworth, Robert
468	Raworth, Robert
1005	Raworth, Ruth
1197	Redmayne, John
124	Robinson, Robert
138	Scarlet, Thomas
139	Scarlet, Thomas
137	Scarlet, Thomas
182	Short, Peter
181	Short, Peter
307	Simmes, Valentine
278	Simmes, Valentine
279	Simmes, Valentine
6	Skot, John
7	Skot, John
585	Snodham, Thomas
333	Snodham, Thomas
548	Stafford, Simon
580	Stansby, William
581	Stansby, William
5074.13	Stansby, William
5074.14	Stansby, William
5074.15	Stansby, William
5074.16	Stansby, William
5074.12	Stansby, William
5074.11	Stansby, William
5074.06	Stansby, William
5074.07	Stansby, William
5074.01	Stansby, William
5074.05	Stansby, William
5074.02	Stansby, William
5074	Stansby, William
5075	Stansby, William
5062.04	Stansby, William
5062.03	Stansby, William
5062.02	Stansby, William
5062	Stansby, William
31	Straten, Derick van der
33	Straten, Derick van der
34	Straten, Derick van der
51	Sutton, Henry
57	Tisdale, John
40	Tottell, Richard
41	Tottell, Richard
2	Treveris, Peter
12	Rastell, John
986	Turner, William
102	Vautrollier, Thomas (1)
64	Veale, Abraham
1161	Vlack, Adrian
108	Waldegrave, Robert
5031	Waldegrave, Robert
345	Waldegrave, Robert
119	Ward, Roger
642	White, William
155	Pavier, Thomas
163	White, William
152	White, William
1141	Wilson, Thomas (2)
1142	Wilson, Thomas (2)
1135	Wilson, Thomas (2)
1136	Wilson, Thomas (2)
5141	Wilson, William
5142	Wilson, William
428	Windet, John
429	Windet, John
381	Windet, John
132	Wolfe, John
1183	Wolfe, John
1	Worde, Wynkyn de
8	Worde, Wynkyn de
10	Worde, Wynkyn de
24	Worde, Wynkyn de
825	Wreittoun, John
157	White, William
5110	Dawson, John (2)
232	Norton, John (2)
224	Norton, John (2)
223	Norton, John (2)
929	Okes, John
644	Mathewes, Augustine
917	Moseley, Humphrey
5099	Blount, Edward
5071	Budge, John
769	Harper, Thomas
5117	Bowman, Francis
264	Wright, John (1)
728	Allde, Edward
728	Mathewes, Augustine
727	Okes, Nicholas
726	Okes, Nicholas
725	Okes, Nicholas
136	Scarlet, Thomas
640	Kirkman, Francis
639	Kirkman, Francis
868	Kirkman, Francis
685	Kirkman, Francis
852	Kirkman, Francis
852	Crouch, John
5149.01	Seile, Henry
5149.02	Collins, Richard
5149.03	Beeston, Hugh
5149.04	Beeston, Hugh
5149.05	Beeston, Hugh
5149.06	Seile, Henry
5149.07	Shepherd, Henry
79	Sutton, Henry
1191	Blount, Edward
596	Okes, Nicholas
5125	Meighen, Richard
5010	Smith, Richard
5009	Smith, Richard